code,tickers,name
466400,466400.KS,1Q 25-08 회사채(A+이상)액티브
491610,491610.KS,1Q CD금리액티브(합성)
451060,451060.KS,1Q K200액티브
463290,463290.KS,1Q 단기금융채액티브
479080,479080.KS,1Q 머니마켓액티브
0026S0,0026S0.KS,1Q 미국S&P500
0004G0,0004G0.KS,1Q 미국배당30
0017Y0,0017Y0.KS,1Q 종합채권(AA-이상)액티브
472350,472350.KS,1Q 차이나H(H)
495330,495330.KS,1Q 코리아밸류업
492500,492500.KS,1Q 현대차그룹채권(A+이상)&국고통안
473440,473440.KS,ACE 11월만기자동연장회사채AA-이상액티브
105190,105190.KS,ACE 200
332500,332500.KS,ACE 200TR
461260,461260.KS,ACE 25-06 회사채(AA-이상)액티브
461270,461270.KS,ACE 26-06 회사채(AA-이상)액티브
475260,475260.KS,ACE 2월만기자동연장회사채AA-이상액티브
385600,385600.KS,ACE 2차전지&친환경차액티브
475270,475270.KS,ACE 5월만기자동연장회사채AA-이상액티브
475280,475280.KS,ACE 8월만기자동연장회사채AA-이상액티브
469150,469150.KS,ACE AI반도체포커스
487340,487340.KS,ACE CD금리&초단기채권액티브
385590,385590.KS,ACE ESG액티브
000010,000010.KS,ACE FTSE WGBI Korea
380340,380340.KS,ACE Fn5G플러스
226380,226380.KS,ACE Fn성장소비주도주
475050,475050.KS,ACE KPOP포커스
411060,411060.KS,ACE KRX금현물
0021D0,0021D0.KS,ACE TDF2030액티브
000021,000021.KS,ACE TDF2050액티브
225130,225130.KS,ACE 골드선물 레버리지(합성 H)
483340,483340.KS,ACE 구글밸류체인액티브
365780,365780.KS,ACE 국고채10년
114460,114460.KS,ACE 국고채3년
494340,494340.KS,ACE 글로벌AI맞춤형반도체
411050,411050.KS,ACE 글로벌메타버스테크액티브
446770,446770.KS,ACE 글로벌반도체TOP4 Plus SOLACTIVE
435040,435040.KS,ACE 글로벌브랜드TOP10블룸버그
497510,497510.KS,ACE 글로벌빅파마
460960,460960.KS,ACE 글로벌인컴TOP10 SOLACTIVE
414270,414270.KS,ACE 글로벌자율주행액티브
440640,440640.KS,ACE 단기채권알파액티브
190620,190620.KS,ACE 단기통안채
494330,494330.KS,ACE 라이프자산주주가치액티브
265690,265690.KS,ACE 러시아MSCI(합성)
152500,152500.KS,ACE 레버리지
483330,483330.KS,ACE 마이크로소프트밸류체인액티브
291130,291130.KS,ACE 멕시코MSCI(합성)
452250,452250.KS,ACE 미국30년국채선물레버리지(합성 H)
476760,476760.KS,ACE 미국30년국채액티브
453850,453850.KS,ACE 미국30년국채액티브(H)
476750,476750.KS,ACE 미국30년국채엔화노출액티브(H)
480030,480030.KS,ACE 미국500데일리타겟커버드콜(합성)
280320,280320.KS,ACE 미국IT인터넷S&P(합성 H)
360200,360200.KS,ACE 미국S&P500
438080,438080.KS,ACE 미국S&P500채권혼합액티브
309230,309230.KS,ACE 미국WideMoat동일가중
367380,367380.KS,ACE 미국나스닥100
438100,438100.KS,ACE 미국나스닥100채권혼합액티브
456880,456880.KS,ACE 미국달러SOFR금리(합성)
440650,440650.KS,ACE 미국달러단기채권액티브
480040,480040.KS,ACE 미국반도체데일리타겟커버드콜(합성)
402970,402970.KS,ACE 미국배당다우존스
181480,181480.KS,ACE 미국부동산리츠(합성 H)
480020,480020.KS,ACE 미국빅테크7+데일리타겟커버드콜(합성)
465580,465580.KS,ACE 미국빅테크TOP7 Plus
465610,465610.KS,ACE 미국빅테크TOP7 Plus레버리지(합성)
465620,465620.KS,ACE 미국빅테크TOP7 Plus인버스(합성)
473590,473590.KS,ACE 미국주식베스트셀러
000008,000008.KS,ACE 미국중심중소형제조업
391600,391600.KS,ACE 미국친환경그린테마INDXX
455660,455660.KS,ACE 미국하이일드액티브(H)
245710,245710.KS,ACE 베트남VN30(합성)
131890,131890.KS,ACE 삼성그룹동일가중
108450,108450.KS,ACE 삼성그룹섹터가중
316300,316300.KS,ACE 싱가포르리츠
277540,277540.KS,ACE 아시아TOP50S&P
483420,483420.KS,ACE 애플밸류체인액티브
483320,483320.KS,ACE 엔비디아밸류체인액티브
448540,448540.KS,ACE 엔비디아채권혼합블룸버그
433500,433500.KS,ACE 원자력테마딥서치
256440,256440.KS,ACE 인도네시아MSCI(합성)
487920,487920.KS,ACE 인도시장대표BIG5그룹액티브
487910,487910.KS,ACE 인도컨슈머파워액티브
145670,145670.KS,ACE 인버스
497520,497520.KS,ACE 일라이릴리밸류체인
238720,238720.KS,ACE 일본Nikkei225(H)
196030,196030.KS,ACE 일본TOPIX레버리지(H)
205720,205720.KS,ACE 일본TOPIX인버스(합성 H)
469160,469160.KS,ACE 일본반도체
0021C0,0021C0.KS,ACE 장기자산배분액티브
356540,356540.KS,ACE 종합채권(AA-이상)KIS액티브
447430,447430.KS,ACE 주주환원가치주액티브
416090,416090.KS,ACE 중국과창판STAR50
168580,168580.KS,ACE 중국본토CSI300
219900,219900.KS,ACE 중국본토CSI300레버리지(합성)
272910,272910.KS,ACE 중장기국공채액티브
371870,371870.KS,ACE 차이나항셍테크
496120,496120.KS,ACE 코리아밸류업
354500,354500.KS,ACE 코스닥150
305050,305050.KS,ACE 코스피
457480,457480.KS,ACE 테슬라밸류체인액티브
469170,469170.KS,ACE 포스코그룹포커스
261920,261920.KS,ACE 필리핀MSCI(합성)
495710,495710.KS,BNK 26-06 특수채(AAA이상)액티브
466810,466810.KS,BNK 2차전지양극재
457930,457930.KS,BNK 미래전략기술액티브
487750,487750.KS,BNK 온디바이스AI
445690,445690.KS,BNK 주주가치액티브
486240,486240.KS,DAISHIN343 AI반도체&인프라액티브
434960,434960.KS,DAISHIN343 K200
448570,448570.KS,FOCUS AI코리아액티브
285690,285690.KS,FOCUS ESG리더스
292730,292730.KS,FOCUS KRX300
293180,293180.KS,HANARO 200
407310,407310.KS,HANARO 200 TOP10
332930,332930.KS,HANARO 200TR
304780,304780.KS,HANARO 200선물레버리지
486780,486780.KS,HANARO 200선물레버리지1.5X
306520,306520.KS,HANARO 200선물인버스
489570,489570.KS,HANARO 25-12 은행채(AA+이상)액티브
448490,448490.KS,HANARO 32-10 국고채액티브
454320,454320.KS,HANARO CAPEX설비투자iSelect
471290,471290.KS,HANARO CD금리액티브(합성)
395290,395290.KS,HANARO Fn K-POP&미디어
395280,395280.KS,HANARO Fn K-게임
368190,368190.KS,HANARO Fn K-뉴딜디지털플러스
402460,402460.KS,HANARO Fn K-메타버스MZ
395270,395270.KS,HANARO Fn K-반도체
438900,438900.KS,HANARO Fn K-푸드
367740,367740.KS,HANARO Fn5G산업
407300,407300.KS,HANARO Fn골프테마
381560,381560.KS,HANARO Fn전기&수소차
441540,441540.KS,HANARO Fn조선해운
381570,381570.KS,HANARO Fn친환경에너지
479850,479850.KS,HANARO K-뷰티
346000,346000.KS,HANARO KAP초장기국고채
453060,453060.KS,HANARO KOFR금리액티브(합성)
304760,304760.KS,HANARO KRX300
332940,332940.KS,HANARO MSCI Korea TR
322400,322400.KS,HANARO e커머스
322410,322410.KS,HANARO 고배당
473640,473640.KS,HANARO 글로벌금채굴기업
354350,354350.KS,HANARO 글로벌럭셔리S&P(합성)
464060,464060.KS,HANARO 글로벌반도체TOP10 SOLACTIVE
432850,432850.KS,HANARO 글로벌백신치료제MSCI
461340,461340.KS,HANARO 글로벌생성형AI액티브
424460,424460.KS,HANARO 글로벌워터MSCI(합성)
401590,401590.KS,HANARO 글로벌탄소배출권선물ICE(합성)
314700,314700.KS,HANARO 농업융복합산업
486830,486830.KS,HANARO 머니마켓액티브
432840,432840.KS,HANARO 미국S&P500
419170,419170.KS,HANARO 미국메타버스iSelect
472490,472490.KS,HANARO 미국애그테크
498050,498050.KS,HANARO 바이오코리아액티브
476260,476260.KS,HANARO 반도체핵심공정주도주
434730,434730.KS,HANARO 원자력iSelect
491820,491820.KS,HANARO 전력설비투자
461500,461500.KS,HANARO 종합채권(AA-이상)액티브
482870,482870.KS,HANARO 주주가치성장코리아액티브
495750,495750.KS,HANARO 코리아밸류업
304770,304770.KS,HANARO 코스닥150
306530,306530.KS,HANARO 코스닥150선물레버리지
486790,486790.KS,HANARO 코스닥150선물레버리지1.5X
375760,375760.KS,HANARO 탄소효율그린뉴딜
491700,491700.KS,HK 200
0000Y0,0000Y0.KS,HK 26-12 회사채(AA-이상)액티브
215620,215620.KS,HK S&P코리아로우볼
391670,391670.KS,HK 베스트일레븐액티브
472920,472920.KS,HK 종합채권(AA-이상)액티브
472840,472840.KS,ITF 200
0005G0,0005G0.KS,ITF K-AI반도체코어테크
483570,483570.KS,KCGI 미국S&P500 TOP10
407170,407170.KS,KCGI 스마트커머스액티브
407160,407160.KS,KCGI 테크미디어텔레콤액티브
069660,069660.KS,KIWOOM 200
294400,294400.KS,KIWOOM 200TR
253250,253250.KS,KIWOOM 200선물레버리지
253240,253240.KS,KIWOOM 200선물인버스
253230,253230.KS,KIWOOM 200선물인버스2X
467620,467620.KS,KIWOOM 25-09 미국채권(AA-이상)액티브
489870,489870.KS,KIWOOM 25-09 회사채(AA-이상)액티브
464240,464240.KS,KIWOOM 26-09회사채(AA-이상)액티브
458210,458210.KS,KIWOOM CD금리액티브(합성)
460280,460280.KS,KIWOOM Fn유전자혁신기술
488200,488200.KS,KIWOOM K-2차전지북미공급망
488210,488210.KS,KIWOOM K-반도체북미공급망
469790,469790.KS,KIWOOM K-테크TOP10
100910,100910.KS,KIWOOM KRX100
450120,450120.KS,KIWOOM SK그룹대표주
435530,435530.KS,KIWOOM TDF2030액티브
435540,435540.KS,KIWOOM TDF2040액티브
435550,435550.KS,KIWOOM TDF2050액티브
104530,104530.KS,KIWOOM 고배당
148070,148070.KS,KIWOOM 국고채10년
167860,167860.KS,KIWOOM 국고채10년레버리지
471460,471460.KS,KIWOOM 국고채30년액티브
114470,114470.KS,KIWOOM 국고채3년
473490,473490.KS,KIWOOM 글로벌AI반도체
437550,437550.KS,KIWOOM 글로벌리츠이지스액티브
489860,489860.KS,KIWOOM 글로벌전력GRID인프라
473500,473500.KS,KIWOOM 글로벌전력반도체
394350,394350.KS,KIWOOM 글로벌퓨처모빌리티
130730,130730.KS,KIWOOM 단기자금
419890,419890.KS,KIWOOM 단기채권ESG액티브
411860,411860.KS,KIWOOM 독일DAX
429870,429870.KS,KIWOOM 리츠이지스액티브
476450,476450.KS,KIWOOM 머니마켓액티브
430500,430500.KS,KIWOOM 물가채KIS
426330,426330.KS,KIWOOM 미국ETF산업STOXX
449770,449770.KS,KIWOOM 미국S&P500
449780,449780.KS,KIWOOM 미국S&P500(H)
453080,453080.KS,KIWOOM 미국나스닥100(H)
460270,460270.KS,KIWOOM 미국달러SOFR금리액티브(합성)
138230,138230.KS,KIWOOM 미국달러선물
225800,225800.KS,KIWOOM 미국달러선물레버리지
139660,139660.KS,KIWOOM 미국달러선물인버스
230480,230480.KS,KIWOOM 미국달러선물인버스2X
373790,373790.KS,KIWOOM 미국방어배당성장나스닥
483030,483030.KS,KIWOOM 미국블록버스터바이오테크의약품+
459790,459790.KS,KIWOOM 미국성장기업30액티브
498270,498270.KS,KIWOOM 미국양자컴퓨팅
474800,474800.KS,KIWOOM 미국원유에너지기업
104520,104520.KS,KIWOOM 블루칩
000015,000015.KS,KIWOOM 엔비디아미국30년국채혼합액티브(H)
483020,483020.KS,KIWOOM 의료AI
200250,200250.KS,KIWOOM 인도Nifty50(합성)
454780,454780.KS,KIWOOM 종합채권(AA-이상)액티브
441330,441330.KS,KIWOOM 차이나A50커넥트MSCI
454180,454180.KS,KIWOOM 차이나내수소비TOP CSI
496090,496090.KS,KIWOOM 코리아밸류업
316670,316670.KS,KIWOOM 코스닥150
291630,291630.KS,KIWOOM 코스닥150선물레버리지
291620,291620.KS,KIWOOM 코스닥150선물인버스
467540,467540.KS,KIWOOM 코스닥글로벌
153270,153270.KS,KIWOOM 코스피100
122260,122260.KS,KIWOOM 통안채1년
0015F0,0015F0.KS,KIWOOM 팔란티어미국30년국채혼합액티브(H)
069500,069500.KS,KODEX 200
226980,226980.KS,KODEX 200 중소형
337160,337160.KS,KODEX 200ESG
363580,363580.KS,KODEX 200IT TR
278530,278530.KS,KODEX 200TR
337150,337150.KS,KODEX 200exTOP
223190,223190.KS,KODEX 200가치저변동
252650,252650.KS,KODEX 200동일가중
360140,360140.KS,KODEX 200롱코스닥150숏선물
284430,284430.KS,KODEX 200미국채혼합
252670,252670.KS,KODEX 200선물인버스2X
494890,494890.KS,KODEX 200액티브
498400,498400.KS,KODEX 200타겟위클리커버드콜
476810,476810.KS,KODEX 25-11 은행채(AA-이상)PLUS액티브
467940,467940.KS,KODEX 25-11 회사채(A+이상)액티브
491080,491080.KS,KODEX 25-12 은행채(AAA)액티브
473290,473290.KS,KODEX 26-12 회사채(AA-이상)액티브
0007F0,0007F0.KS,KODEX 27-12 회사채(AA-이상)액티브
305720,305720.KS,KODEX 2차전지산업
462330,462330.KS,KODEX 2차전지산업레버리지
461950,461950.KS,KODEX 2차전지핵심소재10
457690,457690.KS,KODEX 33-06 국고채액티브
271060,271060.KS,KODEX 3대농산물선물(H)
457700,457700.KS,KODEX 53-09 국고채액티브
395160,395160.KS,KODEX AI반도체
471990,471990.KS,KODEX AI반도체핵심장비
487240,487240.KS,KODEX AI전력핵심설비
481050,481050.KS,KODEX CD1년금리플러스액티브(합성)
459580,459580.KS,KODEX CD금리액티브(합성)
439860,439860.KS,KODEX ESG종합채권(A-이상)액티브
266370,266370.KS,KODEX IT
368680,368680.KS,KODEX K-뉴딜디지털플러스
445290,445290.KS,KODEX K-로봇액티브
401470,401470.KS,KODEX K-메타버스액티브
385520,385520.KS,KODEX K-미래차액티브
385510,385510.KS,KODEX K-신재생에너지액티브
373490,373490.KS,KODEX K-이노베이션액티브
445150,445150.KS,KODEX K-친환경조선해운액티브
423160,423160.KS,KODEX KOFR금리액티브(합성)
292190,292190.KS,KODEX KRX300
306950,306950.KS,KODEX KRX300레버리지
229720,229720.KS,KODEX KTOP30
291890,291890.KS,KODEX MSCI EM선물(H)
289040,289040.KS,KODEX MSCI KOREA ESG유니버설
156080,156080.KS,KODEX MSCI Korea
278540,278540.KS,KODEX MSCI Korea TR
275280,275280.KS,KODEX MSCI모멘텀
275290,275290.KS,KODEX MSCI밸류
275300,275300.KS,KODEX MSCI퀄리티
269420,269420.KS,KODEX S&P글로벌인프라(합성)
433970,433970.KS,KODEX TDF2030액티브
433980,433980.KS,KODEX TDF2040액티브
434060,434060.KS,KODEX TDF2050액티브
329650,329650.KS,KODEX TRF3070
329660,329660.KS,KODEX TRF5050
329670,329670.KS,KODEX TRF7030
395170,395170.KS,KODEX Top10동일가중
315930,315930.KS,KODEX Top5PlusTR
261220,261220.KS,KODEX WTI원유선물(H)
271050,271050.KS,KODEX WTI원유선물인버스(H)
468370,468370.KS,KODEX iShares미국인플레이션국채액티브
468630,468630.KS,KODEX iShares미국투자등급회사채액티브
468380,468380.KS,KODEX iShares미국하이일드액티브
117700,117700.KS,KODEX 건설
300950,300950.KS,KODEX 게임산업
266390,266390.KS,KODEX 경기소비재
279530,279530.KS,KODEX 고배당
132030,132030.KS,KODEX 골드선물(H)
280940,280940.KS,KODEX 골드선물인버스(H)
138910,138910.KS,KODEX 구리선물(H)
471230,471230.KS,KODEX 국고채10년액티브
439870,439870.KS,KODEX 국고채30년액티브
114260,114260.KS,KODEX 국고채3년
152380,152380.KS,KODEX 국채선물10년
176950,176950.KS,KODEX 국채선물10년인버스
292770,292770.KS,KODEX 국채선물3년인버스
276990,276990.KS,KODEX 글로벌로봇(합성)
476070,476070.KS,KODEX 글로벌비만치료제TOP2 Plus
498410,498410.KS,KODEX 금융고배당TOP10타겟위클리커버드콜
102960,102960.KS,KODEX 기계장비
404260,404260.KS,KODEX 기후변화솔루션
273140,273140.KS,KODEX 단기변동금리부채권액티브
153130,153130.KS,KODEX 단기채권
214980,214980.KS,KODEX 단기채권PLUS
487950,487950.KS,KODEX 대만테크고배당다우존스
122630,122630.KS,KODEX 레버리지
488770,488770.KS,KODEX 머니마켓액티브
321410,321410.KS,KODEX 멀티에셋하이인컴(H)
337120,337120.KS,KODEX 멀티팩터
244620,244620.KS,KODEX 모멘텀Plus
308620,308620.KS,KODEX 미국10년국채선물
484790,484790.KS,KODEX 미국30년국채액티브(H)
304660,304660.KS,KODEX 미국30년국채울트라선물(H)
304670,304670.KS,KODEX 미국30년국채울트라선물인버스(H)
481060,481060.KS,KODEX 미국30년국채타겟커버드콜(합성 H)
487230,487230.KS,KODEX 미국AI전력핵심인프라
485540,485540.KS,KODEX 미국AI테크TOP10
483280,483280.KS,KODEX 미국AI테크TOP10타겟커버드콜
428560,428560.KS,KODEX 미국ETF산업Top10 Indxx
379800,379800.KS,KODEX 미국S&P500
449180,449180.KS,KODEX 미국S&P500(H)
453660,453660.KS,KODEX 미국S&P500경기소비재
453650,453650.KS,KODEX 미국S&P500금융
0005A0,0005A0.KS,KODEX 미국S&P500데일리커버드콜OTM
276970,276970.KS,KODEX 미국S&P500배당귀족커버드콜(합성 H)
000026,000026.KS,KODEX 미국S&P500버퍼3월액티브
200030,200030.KS,KODEX 미국S&P500산업재(합성)
219480,219480.KS,KODEX 미국S&P500선물(H)
218420,218420.KS,KODEX 미국S&P500에너지(합성)
463640,463640.KS,KODEX 미국S&P500유틸리티
463690,463690.KS,KODEX 미국S&P500커뮤니케이션
463680,463680.KS,KODEX 미국S&P500테크놀로지
453630,453630.KS,KODEX 미국S&P500필수소비재
453640,453640.KS,KODEX 미국S&P500헬스케어
185680,185680.KS,KODEX 미국S&P바이오(합성)
379810,379810.KS,KODEX 미국나스닥100
449190,449190.KS,KODEX 미국나스닥100(H)
494300,494300.KS,KODEX 미국나스닥100데일리커버드콜OTM
409820,409820.KS,KODEX 미국나스닥100레버리지(합성 H)
304940,304940.KS,KODEX 미국나스닥100선물(H)
409810,409810.KS,KODEX 미국나스닥100선물인버스(H)
455030,455030.KS,KODEX 미국달러SOFR금리액티브(합성)
261240,261240.KS,KODEX 미국달러선물
261250,261250.KS,KODEX 미국달러선물레버리지
261270,261270.KS,KODEX 미국달러선물인버스
261260,261260.KS,KODEX 미국달러선물인버스2X
280930,280930.KS,KODEX 미국러셀2000(H)
411420,411420.KS,KODEX 미국메타버스나스닥액티브
390390,390390.KS,KODEX 미국반도체
489250,489250.KS,KODEX 미국배당다우존스
483290,483290.KS,KODEX 미국배당다우존스타겟커버드콜
441640,441640.KS,KODEX 미국배당커버드콜액티브
352560,352560.KS,KODEX 미국부동산리츠(H)
314250,314250.KS,KODEX 미국빅테크10(H)
473460,473460.KS,KODEX 미국서학개미
390400,390400.KS,KODEX 미국스마트모빌리티S&P
437080,437080.KS,KODEX 미국종합채권ESG액티브(H)
419420,419420.KS,KODEX 미국클린에너지나스닥
491090,491090.KS,KODEX 미국테크TOP3플러스
266360,266360.KS,KODEX 미디어&엔터테인먼트
244580,244580.KS,KODEX 바이오
091160,091160.KS,KODEX 반도체
494310,494310.KS,KODEX 반도체레버리지
325020,325020.KS,KODEX 배당가치
211900,211900.KS,KODEX 배당성장
237370,237370.KS,KODEX 배당성장채권혼합
244670,244670.KS,KODEX 밸류Plus
140700,140700.KS,KODEX 보험
102780,102780.KS,KODEX 삼성그룹
213610,213610.KS,KODEX 삼성그룹밸류
448330,448330.KS,KODEX 삼성전자채권혼합
251350,251350.KS,KODEX 선진국MSCI World
325010,325010.KS,KODEX 성장주
446690,446690.KS,KODEX 아시아AI반도체exChina액티브
437070,437070.KS,KODEX 아시아달러채권ESG플러스액티브
117460,117460.KS,KODEX 에너지화학
140710,140710.KS,KODEX 운송
395150,395150.KS,KODEX 웹툰&드라마
456250,456250.KS,KODEX 유럽명품TOP10 STOXX
400570,400570.KS,KODEX 유럽탄소배출권선물ICE(H)
144600,144600.KS,KODEX 은선물(H)
091170,091170.KS,KODEX 은행
453810,453810.KS,KODEX 인도Nifty50
453820,453820.KS,KODEX 인도Nifty50레버리지(합성)
477730,477730.KS,KODEX 인도타타그룹
114800,114800.KS,KODEX 인버스
101280,101280.KS,KODEX 일본TOPIX100
352540,352540.KS,KODEX 일본부동산리츠(H)
091180,091180.KS,KODEX 자동차
363570,363570.KS,KODEX 장기종합채권(AA-이상)액티브
273130,273130.KS,KODEX 종합채권(AA-이상)액티브
102970,102970.KS,KODEX 증권
419430,419430.KS,KODEX 차이나2차전지MSCI(합성)
169950,169950.KS,KODEX 차이나A50
428510,428510.KS,KODEX 차이나AI테크액티브
283580,283580.KS,KODEX 차이나CSI300
099140,099140.KS,KODEX 차이나H
204450,204450.KS,KODEX 차이나H레버리지(H)
415340,415340.KS,KODEX 차이나과창판STAR50(합성)
256750,256750.KS,KODEX 차이나심천ChiNext(합성)
372330,372330.KS,KODEX 차이나항셍테크
117680,117680.KS,KODEX 철강
279540,279540.KS,KODEX 최소변동성
495850,495850.KS,KODEX 코리아밸류업
229200,229200.KS,KODEX 코스닥150
233740,233740.KS,KODEX 코스닥150레버리지
360150,360150.KS,KODEX 코스닥150롱코스피200숏선물
251340,251340.KS,KODEX 코스닥150선물인버스
461450,461450.KS,KODEX 코스닥글로벌
226490,226490.KS,KODEX 코스피
237350,237350.KS,KODEX 코스피100
359210,359210.KS,KODEX 코스피TR
337140,337140.KS,KODEX 코스피대형주
138920,138920.KS,KODEX 콩선물(H)
244660,244660.KS,KODEX 퀄리티Plus
375770,375770.KS,KODEX 탄소효율그린뉴딜
459560,459560.KS,KODEX 테슬라밸류체인FactSet
475080,475080.KS,KODEX 테슬라커버드콜채권혼합액티브
266410,266410.KS,KODEX 필수소비재
298770,298770.KS,KODEX 한국대만IT프리미어
476800,476800.KS,KODEX 한국부동산리츠인프라
450190,450190.KS,KODEX 한중반도체(합성)
450180,450180.KS,KODEX 한중전기차(합성)
266420,266420.KS,KODEX 헬스케어
364690,364690.KS,KODEX 혁신기술테마액티브
487130,487130.KS,KoAct AI인프라액티브
471040,471040.KS,KoAct 글로벌AI&로봇액티브
0020H0,0020H0.KS,KoAct 글로벌양자컴퓨팅액티브
475070,475070.KS,KoAct 글로벌친환경전력인프라액티브
0015B0,0015B0.KS,KoAct 미국나스닥성장기업액티브
490330,490330.KS,KoAct 미국뇌질환치료제액티브
497780,497780.KS,KoAct 미국천연가스인프라액티브
462900,462900.KS,KoAct 바이오헬스케어액티브
476850,476850.KS,KoAct 배당성장액티브
495230,495230.KS,KoAct 코리아밸류업액티브
482030,482030.KS,KoAct 테크핵심소재공급망액티브
152100,152100.KS,PLUS 200
491220,491220.KS,PLUS 200TR
253150,253150.KS,PLUS 200선물레버리지
253160,253160.KS,PLUS 200선물인버스2X
395750,395750.KS,PLUS ESG가치주액티브
395760,395760.KS,PLUS ESG성장주액티브
453010,453010.KS,PLUS KOFR금리
429740,429740.KS,PLUS K리츠
449450,449450.KS,PLUS K방산
269530,269530.KS,PLUS S&P글로벌인프라
433850,433850.KS,PLUS TDF2030액티브
433860,433860.KS,PLUS TDF2040액티브
433870,433870.KS,PLUS TDF2050액티브
433880,433880.KS,PLUS TDF2060액티브
251590,251590.KS,PLUS 고배당저변동50
161510,161510.KS,PLUS 고배당주
0018C0,0018C0.KS,PLUS 고배당주위클리고정커버드콜
489030,489030.KS,PLUS 고배당주위클리커버드콜
251600,251600.KS,PLUS 고배당주채권혼합
461460,461460.KS,PLUS 국고채10년액티브
451600,451600.KS,PLUS 국고채30년액티브
491230,491230.KS,PLUS 국공채머니마켓액티브
289670,289670.KS,PLUS 국채선물10년
298340,298340.KS,PLUS 국채선물3년
438210,438210.KS,PLUS 글로벌AI
489010,489010.KS,PLUS 글로벌AI인프라
442580,442580.KS,PLUS 글로벌HBM반도체
189400,189400.KS,PLUS 글로벌MSCI(합성 H)
496770,496770.KS,PLUS 글로벌방산
419650,419650.KS,PLUS 글로벌수소&차세대연료전지
0007G0,0007G0.KS,PLUS 글로벌원자력밸류체인
415920,415920.KS,PLUS 글로벌희토류&전략자원생산기업
278620,278620.KS,PLUS 단기채권액티브
477050,477050.KS,PLUS 머니마켓액티브
429760,429760.KS,PLUS 미국S&P500
269540,269540.KS,PLUS 미국S&P500(H)
494410,494410.KS,PLUS 미국S&P500성장주
287180,287180.KS,PLUS 미국나스닥테크
213630,213630.KS,PLUS 미국다우존스고배당주(합성 H)
332610,332610.KS,PLUS 미국단기회사채(AAA~A)
456200,456200.KS,PLUS 미국달러SOFR금리액티브(합성)
494420,494420.KS,PLUS 미국배당증가성장주데일리커버드콜
0023B0,0023B0.KS,PLUS 미국양자컴퓨팅TOP10
332620,332620.KS,PLUS 미국장기우량회사채
464470,464470.KS,PLUS 미국채30년액티브
461900,461900.KS,PLUS 미국테크TOP10
461910,461910.KS,PLUS 미국테크TOP10레버리지(합성)
195970,195970.KS,PLUS 선진국MSCI(합성 H)
238670,238670.KS,PLUS 스마트베타Quality채권혼합
195980,195980.KS,PLUS 신흥국MSCI(합성 H)
373530,373530.KS,PLUS 신흥국MSCI인버스(합성 H)
256450,256450.KS,PLUS 심천차이넥스트(합성)
447660,447660.KS,PLUS 애플채권혼합
239660,239660.KS,PLUS 우량회사채50
421320,421320.KS,PLUS 우주항공&UAM
464920,464920.KS,PLUS 일본반도체소부장
489000,489000.KS,PLUS 일본엔화초단기국채(합성)
451000,451000.KS,PLUS 종합채권(AA-이상)액티브
280920,280920.KS,PLUS 주도업종
266550,266550.KS,PLUS 중형주저변동50
495040,495040.KS,PLUS 코리아밸류업
301400,301400.KS,PLUS 코스닥150
301410,301410.KS,PLUS 코스닥150선물인버스
227830,227830.KS,PLUS 코스피
122090,122090.KS,PLUS 코스피50
328370,328370.KS,PLUS 코스피TR
457990,457990.KS,PLUS 태양광&ESS
0000J0,0000J0.KS,PLUS 한화그룹주
148020,148020.KS,RISE 200
361580,361580.KS,RISE 200TR
290080,290080.KS,RISE 200고배당커버드콜ATM
284980,284980.KS,RISE 200금융
252400,252400.KS,RISE 200선물레버리지
252410,252410.KS,RISE 200선물인버스
252420,252420.KS,RISE 200선물인버스2X
475720,475720.KS,RISE 200위클리커버드콜
483230,483230.KS,RISE 25-06 은행채(AA+이상)액티브
448600,448600.KS,RISE 25-11 회사채(AA-이상)액티브
465330,465330.KS,RISE 2차전지TOP10
465350,465350.KS,RISE 2차전지TOP10인버스(합성)
422420,422420.KS,RISE 2차전지액티브
367760,367760.KS,RISE 5G테크
105780,105780.KS,RISE 5대그룹주
469070,469070.KS,RISE AI&로봇
477080,477080.KS,RISE CD금리액티브(합성)
290130,290130.KS,RISE ESG사회책임투자
326240,326240.KS,RISE IT플러스
385560,385560.KS,RISE KIS국고채30년Enhanced
479520,479520.KS,RISE KOFR금리액티브(합성)
270800,270800.KS,RISE KQ고배당
292050,292050.KS,RISE KRX300
442550,442550.KS,RISE TDF2030액티브
442560,442560.KS,RISE TDF2040액티브
442570,442570.KS,RISE TDF2050액티브
234310,234310.KS,RISE V&S셀렉트밸류
241390,241390.KS,RISE V&S셀렉트밸류채권혼합
300640,300640.KS,RISE 게임테마
266160,266160.KS,RISE 고배당
481430,481430.KS,RISE 국고채10년액티브
114100,114100.KS,RISE 국고채3년
282000,282000.KS,RISE 국고채3년선물인버스
451670,451670.KS,RISE 국채30년레버리지(합성)
295000,295000.KS,RISE 국채선물10년
295020,295020.KS,RISE 국채선물10년인버스
432600,432600.KS,RISE 국채선물3년
397420,397420.KS,RISE 국채선물5년추종
397410,397410.KS,RISE 국채선물5년추종인버스
437370,437370.KS,RISE 글로벌농업경제
375270,375270.KS,RISE 글로벌데이터센터리츠(합성)
475380,475380.KS,RISE 글로벌리얼티인컴
476310,476310.KS,RISE 글로벌비만산업TOP2+
417450,417450.KS,RISE 글로벌수소경제
442320,442320.KS,RISE 글로벌원자력
461490,461490.KS,RISE 글로벌자산배분액티브
459750,459750.KS,RISE 글로벌주식분산액티브
399580,399580.KS,RISE 글로벌클린에너지
276650,276650.KS,RISE 글로벌테크놀로지(합성 H)
336160,336160.KS,RISE 금융채액티브
326230,326230.KS,RISE 내수주플러스
272560,272560.KS,RISE 단기국공채액티브
385550,385550.KS,RISE 단기채권알파액티브
196230,196230.KS,RISE 단기통안채
315960,315960.KS,RISE 대형고배당10TR
455890,455890.KS,RISE 머니마켓액티브
401170,401170.KS,RISE 메타버스
481340,481340.KS,RISE 미국30년국채액티브
472870,472870.KS,RISE 미국30년국채엔화노출(합성 H)
472830,472830.KS,RISE 미국30년국채커버드콜(합성)
485690,485690.KS,RISE 미국AI밸류체인TOP3Plus
490590,490590.KS,RISE 미국AI밸류체인데일리고정커버드콜
495940,495940.KS,RISE 미국AI테크액티브
379780,379780.KS,RISE 미국S&P500
453330,453330.KS,RISE 미국S&P500(H)
0005C0,0005C0.KS,RISE 미국S&P500엔화노출(합성 H)
460660,460660.KS,RISE 미국S&P배당킹
219390,219390.KS,RISE 미국S&P원유생산기업(합성 H)
354240,354240.KS,RISE 미국고정배당우선증권 TR
368590,368590.KS,RISE 미국나스닥100
437350,437350.KS,RISE 미국단기투자등급회사채액티브
455960,455960.KS,RISE 미국달러SOFR금리액티브(합성)
469530,469530.KS,RISE 미국달러선물인버스
469060,469060.KS,RISE 미국반도체NYSE
469050,469050.KS,RISE 미국반도체NYSE(H)
491630,491630.KS,RISE 미국반도체인버스(합성 H)
490600,490600.KS,RISE 미국배당100데일리고정커버드콜
0018Z0,0018Z0.KS,RISE 미국양자컴퓨팅
0013P0,0013P0.KS,RISE 미국은행TOP10
267440,267440.KS,RISE 미국장기국채선물(H)
267490,267490.KS,RISE 미국장기국채선물레버리지(합성 H)
267450,267450.KS,RISE 미국장기국채선물인버스(H)
491620,491620.KS,RISE 미국테크100데일리고정커버드콜
0000Z0,0000Z0.KS,RISE 바이오TOP10액티브
446700,446700.KS,RISE 배터리 리사이클링
475350,475350.KS,RISE 버크셔포트폴리오TOP10
388420,388420.KS,RISE 비메모리반도체액티브
448630,448630.KS,RISE 삼성그룹Top3채권혼합
367770,367770.KS,RISE 수소경제테마
140570,140570.KS,RISE 수출주
140580,140580.KS,RISE 우량업종대표주
379790,379790.KS,RISE 유로스탁스50(H)
488480,488480.KS,RISE 일본섹터TOP4Plus
385540,385540.KS,RISE 종합채권(A-이상)액티브
183710,183710.KS,RISE 주식혼합
310080,310080.KS,RISE 중국MSCI China(H)
463300,463300.KS,RISE 중국본토CSI300
174360,174360.KS,RISE 중국본토대형주CSI100
136340,136340.KS,RISE 중기우량회사채
281990,281990.KS,RISE 중소형고배당
272570,272570.KS,RISE 중장기국공채액티브
250730,250730.KS,RISE 차이나HSCEI(H)
291680,291680.KS,RISE 차이나H선물인버스(H)
371150,371150.KS,RISE 차이나항셍테크
183700,183700.KS,RISE 채권혼합
388280,388280.KS,RISE 컨택트대표
498860,498860.KS,RISE 코리아금융고배당
495050,495050.KS,RISE 코리아밸류업
270810,270810.KS,RISE 코스닥150
278240,278240.KS,RISE 코스닥150선물레버리지
275750,275750.KS,RISE 코스닥150선물인버스
302450,302450.KS,RISE 코스피
0013R0,0013R0.KS,RISE 테슬라미국채타겟커버드콜혼합(합성)
449580,449580.KS,RISE 테슬라애플아마존채권혼합
334690,334690.KS,RISE 팔라듐선물(H)
334700,334700.KS,RISE 팔라듐선물인버스(H)
427120,427120.KS,RISE 플랫폼테마
253280,253280.KS,RISE 헬스케어
253290,253290.KS,RISE 헬스케어채권혼합
411540,411540.KS,SOL 200 Top10
295040,295040.KS,SOL 200TR
462540,462540.KS,SOL 25-09 회사채(AA-이상)액티브
488980,488980.KS,SOL 26-12 회사채(AA-이상)액티브
455860,455860.KS,SOL 2차전지소부장Fn
455850,455850.KS,SOL AI반도체소부장
497880,497880.KS,SOL CD금리&머니마켓액티브
444200,444200.KS,SOL KEDI메가테크액티브
363510,363510.KS,SOL KIS단기통안채
292500,292500.KS,SOL KRX300
404650,404650.KS,SOL KRX기후변화솔루션
490480,490480.KS,SOL K방산
0022T0,0022T0.KS,SOL 골드커버드콜액티브
438570,438570.KS,SOL 국고채10년
474390,474390.KS,SOL 국고채30년액티브
438560,438560.KS,SOL 국고채3년
400590,400590.KS,SOL 글로벌탄소배출권선물ICE(합성)
484880,484880.KS,SOL 금융지주플러스고배당
484890,484890.KS,SOL 머니마켓액티브
461600,461600.KS,SOL 미국30년국채액티브(H)
473330,473330.KS,SOL 미국30년국채커버드콜(합성)
494210,494210.KS,SOL 미국500타겟커버드콜액티브
479620,479620.KS,SOL 미국AI반도체칩메이커
481180,481180.KS,SOL 미국AI소프트웨어
486450,486450.KS,SOL 미국AI전력인프라
433330,433330.KS,SOL 미국S&P500
399110,399110.KS,SOL 미국S&P500ESG
499150,499150.KS,SOL 미국S&P500엔화노출(H)
447620,447620.KS,SOL 미국TOP5채권혼합40 Solactive
476030,476030.KS,SOL 미국나스닥100
446720,446720.KS,SOL 미국배당다우존스
452360,452360.KS,SOL 미국배당다우존스(H)
493420,493420.KS,SOL 미국배당다우존스TR
490490,490490.KS,SOL 미국배당미국채혼합50
0023A0,0023A0.KS,SOL 미국양자컴퓨팅TOP10
481190,481190.KS,SOL 미국테크TOP10
481200,481200.KS,SOL 미국테크TOP10인버스(합성)
475300,475300.KS,SOL 반도체전공정
475310,475310.KS,SOL 반도체후공정
400580,400580.KS,SOL 유럽탄소배출권선물S&P(H)
459370,459370.KS,SOL 유럽탄소배출권선물인버스ICE(H)
464610,464610.KS,SOL 의료기기소부장Fn
466930,466930.KS,SOL 자동차TOP3플러스
464600,464600.KS,SOL 자동차소부장Fn
0005D0,0005D0.KS,SOL 전고체배터리&실리콘음극재
466920,466920.KS,SOL 조선TOP3플러스
436140,436140.KS,SOL 종합채권(AA-이상)액티브
0016X0,0016X0.KS,SOL 중단기회사채(A-이상)액티브
220130,220130.KS,SOL 차이나강소기업CSI500(합성 H)
415760,415760.KS,SOL 차이나육성산업액티브(합성)
413220,413220.KS,SOL 차이나태양광CSI(합성)
469830,469830.KS,SOL 초단기채권액티브
495550,495550.KS,SOL 코리아밸류업TR
450910,450910.KS,SOL 코스닥150
423170,423170.KS,SOL 한국형글로벌반도체액티브
429980,429980.KS,SOL 한국형글로벌전기차&2차전지액티브
0008T0,0008T0.KS,SOL 화장품TOP3플러스
102110,102110.KS,TIGER 200
139260,139260.KS,TIGER 200 IT
139220,139220.KS,TIGER 200 건설
139290,139290.KS,TIGER 200 경기소비재
139270,139270.KS,TIGER 200 금융
227550,227550.KS,TIGER 200 산업재
227560,227560.KS,TIGER 200 생활소비재
139250,139250.KS,TIGER 200 에너지화학
139230,139230.KS,TIGER 200 중공업
139240,139240.KS,TIGER 200 철강소재
227540,227540.KS,TIGER 200 헬스케어
243880,243880.KS,TIGER 200IT레버리지
310960,310960.KS,TIGER 200TR
252000,252000.KS,TIGER 200동일가중
267770,267770.KS,TIGER 200선물레버리지
252710,252710.KS,TIGER 200선물인버스2X
243890,243890.KS,TIGER 200에너지화학레버리지
315270,315270.KS,TIGER 200커뮤니케이션서비스
289480,289480.KS,TIGER 200커버드콜
166400,166400.KS,TIGER 200커버드콜OTM
453540,453540.KS,TIGER 25-10 회사채(A+이상)액티브
494900,494900.KS,TIGER 25-12 금융채(AA-이상)
0001S0,0001S0.KS,TIGER 26-04 회사채(A+이상)액티브
480260,480260.KS,TIGER 27-04회사채(A+이상)액티브
364980,364980.KS,TIGER 2차전지TOP10
412570,412570.KS,TIGER 2차전지TOP10레버리지
462010,462010.KS,TIGER 2차전지소재Fn
305540,305540.KS,TIGER 2차전지테마
471760,471760.KS,TIGER AI반도체핵심공정
365040,365040.KS,TIGER AI코리아그로스액티브
364960,364960.KS,TIGER BBIG
412560,412560.KS,TIGER BBIG레버리지
475630,475630.KS,TIGER CD1년금리액티브(합성)
357870,357870.KS,TIGER CD금리투자KIS(합성)
499660,499660.KS,TIGER CD금리플러스액티브(합성)
400970,400970.KS,TIGER Fn메타버스
396500,396500.KS,TIGER Fn반도체TOP10
377990,377990.KS,TIGER Fn신재생에너지
417630,417630.KS,TIGER KEDI혁신기업ESG30
449170,449170.KS,TIGER KOFR금리액티브(합성)
292160,292160.KS,TIGER KRX300
404540,404540.KS,TIGER KRX기후변화솔루션
228820,228820.KS,TIGER KTOP30
300610,300610.KS,TIGER K게임
463250,463250.KS,TIGER K방산&우주
138530,138530.KS,TIGER LG그룹+펀더멘털
445910,445910.KS,TIGER MKF배당귀족
289260,289260.KS,TIGER MSCI KOREA ESG리더스
289250,289250.KS,TIGER MSCI KOREA ESG유니버설
310970,310970.KS,TIGER MSCI Korea TR
269370,269370.KS,TIGER S&P글로벌인프라(합성)
248270,248270.KS,TIGER S&P글로벌헬스케어(합성)
0025N0,0025N0.KS,TIGER TDF2045
292150,292150.KS,TIGER TOP10
453950,453950.KS,TIGER TSMC파운드리밸류체인
364990,364990.KS,TIGER 게임TOP10
139280,139280.KS,TIGER 경기방어
237440,237440.KS,TIGER 경기방어채권혼합
319640,319640.KS,TIGER 골드선물(H)
160580,160580.KS,TIGER 구리실물
451530,451530.KS,TIGER 국고채30년스트립액티브
114820,114820.KS,TIGER 국채3년
275980,275980.KS,TIGER 글로벌4차산업혁신기술(합성 H)
464310,464310.KS,TIGER 글로벌AI&로보틱스 INDXX
418670,418670.KS,TIGER 글로벌AI사이버보안
466950,466950.KS,TIGER 글로벌AI액티브
491010,491010.KS,TIGER 글로벌AI전력인프라액티브
394670,394670.KS,TIGER 글로벌리튬&2차전지SOLACTIVE(합성)
440340,440340.KS,TIGER 글로벌멀티에셋TIF액티브
412770,412770.KS,TIGER 글로벌메타버스액티브
476690,476690.KS,TIGER 글로벌비만치료제TOP2Plus
480310,480310.KS,TIGER 글로벌온디바이스AI
387270,387270.KS,TIGER 글로벌이노베이션액티브
276000,276000.KS,TIGER 글로벌자원생산기업(합성 H)
394660,394660.KS,TIGER 글로벌자율주행&전기차SOLACTIVE
371450,371450.KS,TIGER 글로벌클라우드컴퓨팅INDXX
464930,464930.KS,TIGER 글로벌혁신블루칩TOP10
139310,139310.KS,TIGER 금속선물(H)
139320,139320.KS,TIGER 금은선물(H)
137610,137610.KS,TIGER 농산물선물Enhanced(H)
182490,182490.KS,TIGER 단기선진하이일드(합성 H)
272580,272580.KS,TIGER 단기채권액티브
157450,157450.KS,TIGER 단기통안채
105010,105010.KS,TIGER 라틴35
123320,123320.KS,TIGER 레버리지
174350,174350.KS,TIGER 로우볼
329200,329200.KS,TIGER 리츠부동산인프라
341850,341850.KS,TIGER 리츠부동산인프라채권TR KIS
147970,147970.KS,TIGER 모멘텀
458250,458250.KS,TIGER 미국30년국채스트립액티브(합성 H)
476550,476550.KS,TIGER 미국30년국채커버드콜액티브(H)
491830,491830.KS,TIGER 미국AI반도체팹리스
490090,490090.KS,TIGER 미국AI빅테크10
493810,493810.KS,TIGER 미국AI빅테크10타겟데일리커버드콜
182480,182480.KS,TIGER 미국MSCI리츠(합성 H)
360750,360750.KS,TIGER 미국S&P500
448290,448290.KS,TIGER 미국S&P500TR(H)
488500,488500.KS,TIGER 미국S&P500동일가중
225040,225040.KS,TIGER 미국S&P500레버리지(합성 H)
429000,429000.KS,TIGER 미국S&P500배당귀족
143850,143850.KS,TIGER 미국S&P500선물(H)
225030,225030.KS,TIGER 미국S&P500선물인버스(H)
482730,482730.KS,TIGER 미국S&P500타겟데일리커버드콜
133690,133690.KS,TIGER 미국나스닥100
483240,483240.KS,TIGER 미국나스닥100ETF선물
448300,448300.KS,TIGER 미국나스닥100TR(H)
435420,435420.KS,TIGER 미국나스닥100TR채권혼합Fn
418660,418660.KS,TIGER 미국나스닥100레버리지(합성)
441680,441680.KS,TIGER 미국나스닥100커버드콜(합성)
486290,486290.KS,TIGER 미국나스닥100타겟데일리커버드콜
429010,429010.KS,TIGER 미국나스닥넥스트100
203780,203780.KS,TIGER 미국나스닥바이오
245340,245340.KS,TIGER 미국다우존스30
456610,456610.KS,TIGER 미국달러SOFR금리액티브(합성)
329750,329750.KS,TIGER 미국달러단기채권액티브
261110,261110.KS,TIGER 미국달러선물레버리지
261120,261120.KS,TIGER 미국달러선물인버스2X
494840,494840.KS,TIGER 미국방산TOP10
458730,458730.KS,TIGER 미국배당다우존스
0008S0,0008S0.KS,TIGER 미국배당다우존스타겟데일리커버드콜
458750,458750.KS,TIGER 미국배당다우존스타겟커버드콜1호
458760,458760.KS,TIGER 미국배당다우존스타겟커버드콜2호
0015K0,0015K0.KS,TIGER 미국소비트렌드액티브
305080,305080.KS,TIGER 미국채10년선물
465670,465670.KS,TIGER 미국캐시카우100
381170,381170.KS,TIGER 미국테크TOP10 INDXX
472160,472160.KS,TIGER 미국테크TOP10 INDXX(H)
472170,472170.KS,TIGER 미국테크TOP10채권혼합
474220,474220.KS,TIGER 미국테크TOP10타겟커버드콜
458260,458260.KS,TIGER 미국투자등급회사채액티브(H)
497570,497570.KS,TIGER 미국필라델피아AI반도체나스닥
381180,381180.KS,TIGER 미국필라델피아반도체나스닥
423920,423920.KS,TIGER 미국필라델피아반도체레버리지(합성)
228810,228810.KS,TIGER 미디어컨텐츠
364970,364970.KS,TIGER 바이오TOP10
091230,091230.KS,TIGER 반도체
488080,488080.KS,TIGER 반도체TOP10레버리지
098560,098560.KS,TIGER 방송통신
211560,211560.KS,TIGER 배당성장
472150,472150.KS,TIGER 배당커버드콜액티브
138520,138520.KS,TIGER 삼성그룹펀더멘털
157490,157490.KS,TIGER 소프트웨어
0000D0,0000D0.KS,TIGER 엔비디아미국채커버드콜밸런스(합성)
228800,228800.KS,TIGER 여행레저
227570,227570.KS,TIGER 우량가치
261140,261140.KS,TIGER 우선주
130680,130680.KS,TIGER 원유선물Enhanced(H)
217770,217770.KS,TIGER 원유선물인버스(H)
195930,195930.KS,TIGER 유로스탁스50(합성 H)
225050,225050.KS,TIGER 유로스탁스레버리지(합성 H)
245350,245350.KS,TIGER 유로스탁스배당30
091220,091220.KS,TIGER 은행
466940,466940.KS,TIGER 은행고배당플러스TOP10
307510,307510.KS,TIGER 의료기기
225060,225060.KS,TIGER 이머징마켓MSCI레버리지(합성 H)
453870,453870.KS,TIGER 인도니프티50
236350,236350.KS,TIGER 인도니프티50레버리지(합성)
479730,479730.KS,TIGER 인도빌리언컨슈머
123310,123310.KS,TIGER 인버스
365000,365000.KS,TIGER 인터넷TOP10
195920,195920.KS,TIGER 일본TOPIX(합성 H)
241180,241180.KS,TIGER 일본니케이225
465660,465660.KS,TIGER 일본반도체FACTSET
292560,292560.KS,TIGER 일본엔선물
494670,494670.KS,TIGER 조선TOP10
451540,451540.KS,TIGER 종합채권(AA-이상)액티브
150460,150460.KS,TIGER 중국소비테마
302190,302190.KS,TIGER 중장기국채
157500,157500.KS,TIGER 증권
307520,307520.KS,TIGER 지주회사
192090,192090.KS,TIGER 차이나CSI300
204480,204480.KS,TIGER 차이나CSI300레버리지(합성)
217780,217780.KS,TIGER 차이나CSI300인버스(합성)
245360,245360.KS,TIGER 차이나HSCEI
414780,414780.KS,TIGER 차이나과창판STAR50(합성)
371470,371470.KS,TIGER 차이나바이오테크SOLACTIVE
396520,396520.KS,TIGER 차이나반도체FACTSET
371460,371460.KS,TIGER 차이나전기차SOLACTIVE
456680,456680.KS,TIGER 차이나전기차레버리지(합성)
396510,396510.KS,TIGER 차이나클린에너지SOLACTIVE
117690,117690.KS,TIGER 차이나항셍25
371160,371160.KS,TIGER 차이나항셍테크
438320,438320.KS,TIGER 차이나항셍테크레버리지(합성 H)
496080,496080.KS,TIGER 코리아밸류업
471780,471780.KS,TIGER 코리아테크액티브
232080,232080.KS,TIGER 코스닥150
233160,233160.KS,TIGER 코스닥150 레버리지
261060,261060.KS,TIGER 코스닥150IT
261070,261070.KS,TIGER 코스닥150바이오테크
250780,250780.KS,TIGER 코스닥150선물인버스
461580,461580.KS,TIGER 코스닥글로벌
277630,277630.KS,TIGER 코스피
210780,210780.KS,TIGER 코스피고배당
277640,277640.KS,TIGER 코스피대형주
277650,277650.KS,TIGER 코스피중형주
376410,376410.KS,TIGER 탄소효율그린뉴딜
447770,447770.KS,TIGER 테슬라채권혼합Fn
438330,438330.KS,TIGER 투자등급회사채액티브
387280,387280.KS,TIGER 퓨처모빌리티액티브
449690,449690.KS,TIGER 한중반도체(합성)
449680,449680.KS,TIGER 한중전기차(합성)
143860,143860.KS,TIGER 헬스케어
138540,138540.KS,TIGER 현대차그룹+펀더멘털
228790,228790.KS,TIGER 화장품
441800,441800.KS,TIMEFOLIO Korea플러스배당액티브
463050,463050.KS,TIMEFOLIO K바이오액티브
404120,404120.KS,TIMEFOLIO K신재생에너지액티브
385710,385710.KS,TIMEFOLIO K이노베이션액티브
410870,410870.KS,TIMEFOLIO K컬처액티브
456600,456600.KS,TIMEFOLIO 글로벌AI인공지능액티브
494180,494180.KS,TIMEFOLIO 글로벌소비트렌드액티브
485810,485810.KS,TIMEFOLIO 글로벌안티에이징바이오액티브
478150,478150.KS,TIMEFOLIO 글로벌우주테크&방산액티브
426020,426020.KS,TIMEFOLIO 미국S&P500액티브
426030,426030.KS,TIMEFOLIO 미국나스닥100액티브
0019K0,0019K0.KS,TIMEFOLIO 미국나스닥100채권혼합50액티브
495060,495060.KS,TIMEFOLIO 코리아밸류업액티브
385720,385720.KS,TIMEFOLIO 코스피액티브
108590,108590.KS,TREX 200
145850,145850.KS,TREX 펀더멘탈 200
472720,472720.KS,TRUSTON 주주가치액티브
496130,496130.KS,TRUSTON 코리아밸류업액티브
433250,433250.KS,UNICORN R&D 액티브
494220,494220.KS,UNICORN SK하이닉스밸류체인액티브
470310,470310.KS,UNICORN 생성형AI강소기업액티브
476000,476000.KS,UNICORN 포스트IPO액티브
422260,422260.KS,VITA MZ소비액티브
452440,452440.KS,VITA 밸류알파액티브
448100,448100.KS,WON 200
468820,468820.KS,WON 25-09 회사채(AA-이상)액티브
413930,413930.KS,WON AI ESG액티브
458030,458030.KS,WON 단기국공채액티브
426150,426150.KS,WON 대한민국국고채액티브
444490,444490.KS,WON 미국S&P500
489290,489290.KS,WON 미국빌리어네어
440910,440910.KS,WON 미국우주항공방산
474590,474590.KS,WON 반도체밸류체인액티브
496020,496020.KS,WON 전단채플러스액티브
488720,488720.KS,WON 종합채권(AA-이상)액티브
480460,480460.KS,WON 한국부동산TOP3플러스
488290,488290.KS,마이다스 일본테크액티브
438740,438740.KS,마이다스 중소형액티브
403790,403790.KS,마이다스 코스피액티브
465780,465780.KS,마이티 26-09 특수채(AAA)액티브
442260,442260.KS,마이티 다이나믹퀀트액티브
0001P0,0001P0.KS,마이티 바이오시밀러&CDMO액티브
159800,159800.KS,마이티 코스피100
0007N0,0007N0.KS,아이엠에셋 200
462340,462340.KS,에셋플러스 글로벌다이나믹시니어액티브
433220,433220.KS,에셋플러스 글로벌대장장이액티브
451150,451150.KS,에셋플러스 글로벌영에이지액티브
477490,477490.KS,에셋플러스 글로벌일등기업포커스10액티브
407830,407830.KS,에셋플러스 글로벌플랫폼액티브
0002C0,0002C0.KS,에셋플러스 인도일등기업포커스20액티브
474920,474920.KS,에셋플러스 차이나일등기업포커스10액티브
442090,442090.KS,에셋플러스 코리아대장장이액티브
407820,407820.KS,에셋플러스 코리아플랫폼액티브
152870,152870.KS,파워 200
491510,491510.KS,파워 K-주주가치액티브
192720,192720.KS,파워 고배당저변동성
498180,498180.KS,파워 종합채권(AA-이상)액티브
140950,140950.KS,파워 코스피100