code,tickers,market,name
007160,007160.KS,KOSPI,SajoInd
004970,004970.KS,KOSPI,Silla
054050,054050.KQ,KOSDAQ,N.W BIO
030720,030720.KS,KOSPI,DongwonFish
154030,154030.KQ,KOSDAQ,ASIA SEED
024110,024110.KS,KOSPI,IBK
323410,323410.KS,KOSPI,KakaoBank
006220,006220.KS,KOSPI,Jeju BK
035760,035760.KQ,KOSDAQ,CJ ENM
122450,122450.KQ,KOSDAQ,KX
048550,048550.KQ,KOSDAQ,SM C&C
066790,066790.KQ,KOSDAQ,CCS
040300,040300.KQ,KOSDAQ,YTN
039340,039340.KQ,KOSDAQ,Korea Economic Broadcasting
408900,408900.KQ,KOSDAQ,MIR
058400,058400.KQ,KOSDAQ,KNN
033830,033830.KQ,KOSDAQ,TBC
131100,131100.KQ,KOSDAQ,TN entertainment
051910,051910.KS,KOSPI,LGCHEM
090430,090430.KS,KOSPI,AMOREPACIFIC
096770,096770.KS,KOSPI,SK Innovation
010950,010950.KS,KOSPI,S-Oil
011790,011790.KS,KOSPI,SKC
051900,051900.KS,KOSPI,LG H&H
348370,348370.KQ,KOSDAQ,Enchem
161390,161390.KS,KOSPI,HANKOOK TIRE & TECHNOLOGY
009830,009830.KS,KOSPI,HANWHA SOLUTIONS
005070,005070.KS,KOSPI,CosmoAM&T
001570,001570.KS,KOSPI,Kumyang
011170,011170.KS,KOSPI,LOTTE CHEMICAL Corp
011780,011780.KS,KOSPI,KumhoPetrochem
278470,278470.KS,KOSPI,APR
002790,002790.KS,KOSPI,AmoreG
002380,002380.KS,KOSPI,KCC
357780,357780.KQ,KOSDAQ,Soulbrain
192820,192820.KS,KOSPI,COSMAX
000880,000880.KS,KOSPI,Hanwha
014680,014680.KS,KOSPI,Hanchem
051915,051915.KS,KOSPI,LGCHEM(1P)
073240,073240.KS,KOSPI,KUMHOTIRE
457190,457190.KS,KOSPI,ISUSPECIALTYCHEMICAL
161890,161890.KS,KOSPI,KOLMAR KOREA
298020,298020.KS,KOSPI,HYOSUNG TNC
121600,121600.KQ,KOSDAQ,ANP
298050,298050.KS,KOSPI,HYOSUNG ADVANCED
018290,018290.KQ,KOSDAQ,VT
014820,014820.KS,KOSPI,DWS
281740,281740.KQ,KOSDAQ,LAKE
004000,004000.KS,KOSPI,LOTTE Fine Chem
000210,000210.KS,KOSPI,DL
005420,005420.KS,KOSPI,COSMOCHEM
120110,120110.KS,KOSPI,KOLON IND
383310,383310.KQ,KOSDAQ,ECOPRO HN
352480,352480.KQ,KOSDAQ,C&C INTERNATIONAL
008730,008730.KS,KOSPI,YoulchonChem
365340,365340.KQ,KOSDAQ,SungEel HiTech
002840,002840.KS,KOSPI,MiwonComcl
456040,456040.KS,KOSPI,OCI
006650,006650.KS,KOSPI,KPIC
285130,285130.KS,KOSPI,SKCHEM
093370,093370.KS,KOSPI,FOOSUNG
069260,069260.KS,KOSPI,TKG Huchems
002350,002350.KS,KOSPI,NEXENTIRE
278280,278280.KQ,KOSDAQ,Chunbo
001340,001340.KS,KOSPI,PaikkwangInd
237880,237880.KQ,KOSDAQ,CLIO Cosmetics
178920,178920.KS,KOSPI,PIAM
241710,241710.KQ,KOSDAQ,COSMECCA KOREA
268280,268280.KS,KOSPI,MIWON SC
048410,048410.KQ,KOSDAQ,HDBIO
014830,014830.KS,KOSPI,UNID
003240,003240.KS,KOSPI,TaekwangInd
114840,114840.KQ,KOSDAQ,IFAMILYSC
018250,018250.KS,KOSPI,AEKYUNG INDUSTRIAL
161000,161000.KS,KOSPI,AK CHEMICAL
006380,006380.KS,KOSPI,CAPRO
101360,101360.KQ,KOSDAQ,Eco&Dream
017860,017860.KS,KOSPI,DS Dansuk
090435,090435.KS,KOSPI,AMOREPACIFIC(1P)
251970,251970.KQ,KOSDAQ,PUM-TECH KOREA
950140,950140.KQ,KOSDAQ,Englewood Lab
439090,439090.KQ,KOSDAQ,Manyo
102710,102710.KQ,KOSDAQ,ENF
089010,089010.KQ,KOSDAQ,CHEMTRON
151860,151860.KQ,KOSDAQ,KG Eco Solution
002960,002960.KS,KOSPI,HankookShellOil
089980,089980.KQ,KOSDAQ,SFTC
115390,115390.KS,KOSPI,L&L
214420,214420.KS,KOSPI,TONYMOLY
108670,108670.KS,KOSPI,LX HAUSYS
033500,033500.KQ,KOSDAQ,DONGSUNG FINETEC
226320,226320.KS,KOSPI,ITSHANBUL
025860,025860.KS,KOSPI,NamhaeChem
001390,001390.KS,KOSPI,KGC
051905,051905.KS,KOSPI,LG H&H(1P)
00088K,00088K.KS,KOSPI,HANWHA(3PB)
007690,007690.KS,KOSPI,KukdoChem
004430,004430.KS,KOSPI,SongwonInd
357550,357550.KQ,KOSDAQ,Sukgyung
035150,035150.KS,KOSPI,Baiksan
138490,138490.KS,KOSPI,KOLON ENP
272550,272550.KS,KOSPI,SAMYANG PACKAGING
078520,078520.KS,KOSPI,ABLE C&C
030530,030530.KQ,KOSDAQ,WONIK HOLDINGS
086710,086710.KQ,KOSDAQ,SBS
003350,003350.KS,KOSPI,HKCManufacture
092730,092730.KQ,KOSDAQ,Neopharm
005720,005720.KS,KOSPI,NEXEN
011500,011500.KS,KOSPI,HANNONG
005950,005950.KS,KOSPI,IsuChem
453860,453860.KQ,KOSDAQ,ASTech
126600,126600.KQ,KOSDAQ,BGF Ecomaterials
107600,107600.KQ,KOSDAQ,Sebitchem
092230,092230.KS,KOSPI,KPXHOLDINGS
008490,008490.KS,KOSPI,SUHEUNG
081000,081000.KS,KOSPI,ILJIN DIAMOND
298000,298000.KS,KOSPI,HYOSUNG CHEM
092070,092070.KQ,KOSDAQ,DNF
025000,025000.KS,KOSPI,KPXCHEMICAL
017890,017890.KQ,KOSDAQ,KAI
006060,006060.KS,KOSPI,HSInd
000390,000390.KS,KOSPI,SamhwaPaint
451250,451250.KQ,KOSDAQ,BBIA
011785,011785.KS,KOSPI,KumhoPetrochem(1P)
002100,002100.KS,KOSPI,Kyungnong
090350,090350.KS,KOSPI,NOROOPAINT
220260,220260.KQ,KOSDAQ,Chemtros
226340,226340.KQ,KOSDAQ,Bonne
010955,010955.KS,KOSPI,S-Oil(1P)
004250,004250.KS,KOSPI,NPC
083420,083420.KS,KOSPI,GREEN CHEMICAL
100250,100250.KS,KOSPI,Chinyang Holdings
134380,134380.KS,KOSPI,MCC
282690,282690.KS,KOSPI,DONG AH TIRE
015890,015890.KS,KOSPI,TaekyungInd
006890,006890.KS,KOSPI,TAEKYUNGCHEMICAL
251370,251370.KQ,KOSDAQ,YMT
239890,239890.KQ,KOSDAQ,P&H TECH
00279K,00279K.KS,KOSPI,AMOREG(3PC)
420570,420570.KQ,KOSDAQ,J2KBIO
260930,260930.KQ,KOSDAQ,CTK
052260,052260.KQ,KOSDAQ,HYUNDAI BIOLAND
000860,000860.KS,KOSPI,KANGNAM JEVISCO
104480,104480.KQ,KOSDAQ,TK CHEMICAL
055490,055490.KS,KOSPI,TAPEX
003830,003830.KS,KOSPI,DaehanSynthFibr
027050,027050.KQ,KOSDAQ,COREANA
012610,012610.KS,KOSPI,KyunginSynth
014530,014530.KS,KOSPI,KukdongOil&Chem.
004830,004830.KS,KOSPI,Duksung
003650,003650.KS,KOSPI,MichangOil
089470,089470.KS,KOSPI,HDCHEP
079980,079980.KS,KOSPI,HUVIS
003720,003720.KS,KOSPI,SAMYOUNG
023450,023450.KS,KOSPI,DONGNAMCHEMICAL
041930,041930.KQ,KOSDAQ,DONGAHWASUNG
120240,120240.KQ,KOSDAQ,DAEJUNG C&M
137950,137950.KQ,KOSDAQ,JC Chemical
163560,163560.KS,KOSPI,DRB Industrial
214260,214260.KQ,KOSDAQ,RAPHAS
004840,004840.KS,KOSPI,DRB Holding
352090,352090.KQ,KOSDAQ,Stormtec
027580,027580.KQ,KOSDAQ,SBK
171120,171120.KQ,KOSDAQ,LION CHEMTECH
096775,096775.KS,KOSPI,SK Innovation(1P)
036640,036640.KQ,KOSDAQ,HRS
406820,406820.KQ,KOSDAQ,BEAUTYSKIN
007590,007590.KS,KOSPI,DongbangAgro
004910,004910.KS,KOSPI,ChokwangPaint
036670,036670.KQ,KOSDAQ,KCI
049550,049550.KQ,KOSDAQ,InkTec
265740,265740.KQ,KOSDAQ,NFC
136410,136410.KQ,KOSDAQ,ASSEMS
003780,003780.KS,KOSPI,Chinyang Industry
080530,080530.KQ,KOSDAQ,KODI
002795,002795.KS,KOSPI,AmoreG(1P)
083660,083660.KQ,KOSDAQ,CSA Cosmic
037370,037370.KQ,KOSDAQ,EG
014440,014440.KS,KOSPI,YoungboChem
002760,002760.KS,KOSPI,Bolak
318410,318410.KQ,KOSDAQ,BBC
002360,002360.KS,KOSPI,SH ENERCHEM
318000,318000.KQ,KOSDAQ,KBG
060230,060230.KQ,KOSDAQ,Sonid
001550,001550.KS,KOSPI,Chobi
285800,285800.KQ,KOSDAQ,JINYOUNG
097870,097870.KQ,KOSDAQ,HYOSUNG ONB
294140,294140.KQ,KOSDAQ,LEMON
120115,120115.KS,KOSPI,KOLON IND(1P)
024890,024890.KS,KOSPI,DaewonChem
010640,010640.KS,KOSPI,ChinYangPoly
227610,227610.KQ,KOSDAQ,OUTIN
009835,009835.KS,KOSPI,HANWHA SOLUTIONS(1P)
003080,003080.KS,KOSPI,SungboChem
022220,022220.KQ,KOSDAQ,TKG AIKANG
290380,290380.KQ,KOSDAQ,Dae Yu
051630,051630.KS,KOSPI,ChinYangChem
28513K,28513K.KS,KOSPI,SKCHEM(1P)
101240,101240.KQ,KOSDAQ,CQV
217480,217480.KQ,KOSDAQ,SDBIO
221980,221980.KQ,KOSDAQ,KDCHEM
114630,114630.KQ,KOSDAQ,POLARIS UNO
058450,058450.KQ,KOSDAQ,Enterpartners
045060,045060.KQ,KOSDAQ,OKONG Corp.
008370,008370.KQ,KOSDAQ,Wonpoong
332290,332290.KQ,KOSDAQ,NOUSBO
252500,252500.KQ,KOSDAQ,SEWHA P&C
007770,007770.KQ,KOSDAQ,HANILCHEMIC
340440,340440.KQ,KOSDAQ,SERIM B&G
082660,082660.KQ,KOSDAQ,Cosnine
079000,079000.KQ,KOSDAQ,WATOS COREA
000215,000215.KS,KOSPI,DL(1P)
263020,263020.KQ,KOSDAQ,DK&D
021650,021650.KQ,KOSDAQ,CUBIC KOREA
317240,317240.KQ,KOSDAQ,TS Trillion
044480,044480.KQ,KOSDAQ,BLADE Ent
286750,286750.KQ,KOSDAQ,NANOBRICK
025620,025620.KS,KOSPI,Jayjun Cosmetic
024070,024070.KS,KOSPI,WISCOM
352940,352940.KQ,KOSDAQ,ENBIO
033050,033050.KQ,KOSDAQ,JMI
187790,187790.KQ,KOSDAQ,NANO
035200,035200.KQ,KOSDAQ,PLUMB FAST
110020,110020.KQ,KOSDAQ,JJBIO
050760,050760.KQ,KOSDAQ,S polytech
048830,048830.KQ,KOSDAQ,NPK
344860,344860.KQ,KOSDAQ,INNOGENE
123330,123330.KQ,KOSDAQ,Genic
225430,225430.KQ,KOSDAQ,KMP
091970,091970.KQ,KOSDAQ,Nano Chem Tech
108675,108675.KS,KOSPI,LX HAUSYS(1P)
060260,060260.KQ,KOSDAQ,NUVOTEC
250930,250930.KQ,KOSDAQ,YeSUN Tech
196700,196700.KQ,KOSDAQ,WAPS
002355,002355.KS,KOSPI,NEXENTIRE(1PB)
115570,115570.KQ,KOSDAQ,STARFLEX
004835,004835.KS,KOSPI,Duksung(1P)
065420,065420.KQ,KOSDAQ,SI
004255,004255.KS,KOSPI,NPC(1P)
000885,000885.KS,KOSPI,Hanwha(1P)
005725,005725.KS,KOSPI,NEXEN(1P)
090355,090355.KS,KOSPI,NOROOPAINT(1P)
014825,014825.KS,KOSPI,DWS(1P)
017670,017670.KS,KOSPI,SKTelecom
030200,030200.KS,KOSPI,KT
032640,032640.KS,KOSPI,LG Uplus
126560,126560.KS,KOSPI,Hyundai Futurenet
006490,006490.KS,KOSPI,INSCOB
051360,051360.KQ,KOSDAQ,TOVIS
096040,096040.KQ,KOSDAQ,E-TRON
424960,424960.KQ,KOSDAQ,Smart Radar System
045660,045660.KQ,KOSDAQ,ATEC
052330,052330.KQ,KOSDAQ,KORTEK
417790,417790.KQ,KOSDAQ,TRUEN
347890,347890.KQ,KOSDAQ,M2I
038460,038460.KQ,KOSDAQ,BioSmart
448710,448710.KQ,KOSDAQ,COTS Technology
093190,093190.KQ,KOSDAQ,Bixolon
263800,263800.KQ,KOSDAQ,DATASOLUTION
224110,224110.KQ,KOSDAQ,ATEC MOBILITY
094940,094940.KQ,KOSDAQ,PULOON TECH
032790,032790.KQ,KOSDAQ,MGEN
129890,129890.KQ,KOSDAQ,ABKO
096690,096690.KQ,KOSDAQ,Aroot
332370,332370.KQ,KOSDAQ,IDP
067010,067010.KQ,KOSDAQ,ECS
148250,148250.KQ,KOSDAQ,RN2 Technologies
131180,131180.KQ,KOSDAQ,DILLI
068940,068940.KQ,KOSDAQ,Cellfie Global
121890,121890.KQ,KOSDAQ,SDSYSTEM
043360,043360.KQ,KOSDAQ,DGI
161570,161570.KQ,KOSDAQ,THE MIDONG
039980,039980.KQ,KOSDAQ,Polaris AI
038540,038540.KQ,KOSDAQ,Sangsangin
033230,033230.KQ,KOSDAQ,INSUNG
040350,040350.KQ,KOSDAQ,CreoSG
351330,351330.KQ,KOSDAQ,ISAAC Engineering
042500,042500.KQ,KOSDAQ,RingNet
038680,038680.KQ,KOSDAQ,SNET
124500,124500.KQ,KOSDAQ,ITCEN
064480,064480.KQ,KOSDAQ,BRIDGETEC
049480,049480.KQ,KOSDAQ,Openbase
115500,115500.KQ,KOSDAQ,KCS
094840,094840.KQ,KOSDAQ,Suprema HQ
032680,032680.KQ,KOSDAQ,SOFTCEN
052460,052460.KQ,KOSDAQ,iCRAFT
010280,010280.KQ,KOSDAQ,SICC
089150,089150.KQ,KOSDAQ,KCT
328380,328380.KQ,KOSDAQ,Saltware
028080,028080.KQ,KOSDAQ,HUMAX Holdings
020180,020180.KQ,KOSDAQ,DIC
075130,075130.KQ,KOSDAQ,PLANTYNET
045510,045510.KQ,KOSDAQ,ZWNS
067730,067730.KQ,KOSDAQ,LOGISYS
424760,424760.KQ,KOSDAQ,Bellock
139050,139050.KQ,KOSDAQ,BFLS
070590,070590.KQ,KOSDAQ,Hansol Intic
032685,032685.KQ,KOSDAQ,SOFTCEN(1P)
000720,000720.KS,KOSPI,HyundaiEng&Const
051600,051600.KS,KOSPI,KEPCO KPS
047040,047040.KS,KOSPI,DWEC
375500,375500.KS,KOSPI,DL E&C
006360,006360.KS,KOSPI,GS E&C
294870,294870.KS,KOSPI,HDC-OP
475150,475150.KS,KOSPI,SK eternix
060370,060370.KQ,KOSDAQ,LS Marine Solution
126720,126720.KS,KOSPI,Soosan Industries
001470,001470.KS,KOSPI,SambuConst
035890,035890.KQ,KOSDAQ,SEOHEE CONSTRUCTION
389260,389260.KQ,KOSDAQ,DMENG
097230,097230.KS,KOSPI,HJSC
013120,013120.KQ,KOSDAQ,Dongwon
039570,039570.KS,KOSPI,HDCLABS
003070,003070.KS,KOSPI,KolonGlobal
028100,028100.KS,KOSPI,Dong Ah E&C
094820,094820.KQ,KOSDAQ,ILJIN POWER
025950,025950.KQ,KOSDAQ,DongshinE&C
282720,282720.KQ,KOSDAQ,KYGP
036190,036190.KQ,KOSDAQ,GEUMHWA PSC
002990,002990.KS,KOSPI,KUMHOE&C
011560,011560.KQ,KOSDAQ,SEBO MEC
002780,002780.KS,KOSPI,ChinhungInt
026150,026150.KQ,KOSDAQ,TSConstruct
013580,013580.KS,KOSPI,KyeryongConst
066620,066620.KQ,KOSDAQ,KUKBO DESIGN
005960,005960.KS,KOSPI,Dongbu Corporation
041590,041590.KQ,KOSDAQ,Flask
206400,206400.KQ,KOSDAQ,BENO TNR
002460,002460.KS,KOSPI,HwasungInd
021320,021320.KQ,KOSDAQ,KCC
034300,034300.KS,KOSPI,ShinsegaeE&C
009410,009410.KS,KOSPI,TAEYOUNG E&C
014790,014790.KS,KOSPI,HL D&I
010960,010960.KS,KOSPI,SDC
011370,011370.KQ,KOSDAQ,Seohan
004960,004960.KS,KOSPI,HanshinConst
013360,013360.KS,KOSPI,IlsungConst
056730,056730.KQ,KOSDAQ,CNT85
013700,013700.KS,KOSPI,CAMUS E&S
001260,001260.KS,KOSPI,NamkwangEng&Const
226360,226360.KQ,KOSDAQ,KH Construction
007680,007680.KQ,KOSDAQ,DAEWON
091590,091590.KQ,KOSDAQ,"Nam Hwa Const Co., Ltd."
023960,023960.KS,KOSPI,SC ENGINEERING
016250,016250.KQ,KOSDAQ,SGC E&C
000725,000725.KS,KOSPI,HyundaiEng&Con(1P)
046940,046940.KQ,KOSDAQ,Woowon Development
37550L,37550L.KS,KOSPI,DL E&C(2PC)
001840,001840.KQ,KOSDAQ,Eehwa
076080,076080.KQ,KOSDAQ,WELCRON HANTEC
042940,042940.KQ,KOSDAQ,Sangji Construction
002290,002290.KQ,KOSDAQ,SAMIL ENTERPRISE
37550K,37550K.KS,KOSPI,DL E&C(1P)
002410,002410.KS,KOSPI,BUMYANG CONST
017000,017000.KQ,KOSDAQ,ShinwonConst
010400,010400.KS,KOSPI,WOOJINI&S
054940,054940.KQ,KOSDAQ,EXA E&C
003075,003075.KS,KOSPI,KolonGlobal(1P)
044180,044180.KQ,KOSDAQ,KD
005965,005965.KS,KOSPI,Dongbu(1P)
009415,009415.KS,KOSPI,TAEYOUNG E&C(1P)
002787,002787.KS,KOSPI,CHINHUNG INT (2PB)
002785,002785.KS,KOSPI,CHINHUNG INT(1PB)
002995,002995.KS,KOSPI,KUMHOE&C(1P)
263750,263750.KQ,KOSDAQ,PearlAbyss
293490,293490.KQ,KOSDAQ,Kakao Games
112040,112040.KQ,KOSDAQ,Wemade
225570,225570.KQ,KOSDAQ,NEXON Games
194480,194480.KQ,KOSDAQ,Devsisters
069080,069080.KQ,KOSDAQ,Webzen
078340,078340.KQ,KOSDAQ,C2S
095660,095660.KQ,KOSDAQ,NEOWIZ
101730,101730.KQ,KOSDAQ,Wemade Max
263720,263720.KQ,KOSDAQ,D&C MEDIA
432430,432430.KQ,KOSDAQ,YLAB
064260,064260.KQ,KOSDAQ,DANAL
207760,207760.KQ,KOSDAQ,Mr. Blue
131370,131370.KQ,KOSDAQ,RSUPPORT
060570,060570.KQ,KOSDAQ,Dreamus
067280,067280.KQ,KOSDAQ,Multicampus
043610,043610.KQ,KOSDAQ,Genie Music
063080,063080.KQ,KOSDAQ,Com2uS Holdings
042420,042420.KQ,KOSDAQ,NEOWIZ HOLDINDS
067000,067000.KQ,KOSDAQ,JoyCity
418470,418470.KQ,KOSDAQ,Millie
300080,300080.KQ,KOSDAQ,FLITTO
033790,033790.KQ,KOSDAQ,Skymoons Technology
058630,058630.KQ,KOSDAQ,Mgame
123420,123420.KQ,KOSDAQ,Wemade Play
215100,215100.KQ,KOSDAQ,RoboRobo
052790,052790.KQ,KOSDAQ,ACTOZ SOFT
389140,389140.KQ,KOSDAQ,4by4
204610,204610.KQ,KOSDAQ,T3
205500,205500.KQ,KOSDAQ,Action Square
057680,057680.KQ,KOSDAQ,T Scientific
201490,201490.KQ,KOSDAQ,Me2on
134580,134580.KQ,KOSDAQ,Topco Media
033130,033130.KQ,KOSDAQ,DChosun
052220,052220.KQ,KOSDAQ,iMBC
348030,348030.KQ,KOSDAQ,MOBIRIX
274400,274400.KQ,KOSDAQ,INNOSIM
104200,104200.KQ,KOSDAQ,NHN BUGS
276040,276040.KQ,KOSDAQ,SKONEC
417180,417180.KQ,KOSDAQ,Finger Story
023770,023770.KQ,KOSDAQ,PLAYWITH
068100,068100.KQ,KOSDAQ,KWR
047080,047080.KQ,KOSDAQ,HBS
331520,331520.KQ,KOSDAQ,VALOFE
127710,127710.KQ,KOSDAQ,ASIA BUSINESS DAILY
060240,060240.KQ,KOSDAQ,LONGTU KOREA
299910,299910.KQ,KOSDAQ,Anic
030350,030350.KQ,KOSDAQ,Dragonfly
028260,028260.KS,KOSPI,SAMSUNG C&T
047050,047050.KS,KOSPI,POSCO INTERNATIONAL
257720,257720.KQ,KOSDAQ,Silicon2
081660,081660.KS,KOSPI,Fila Holdings
007070,007070.KS,KOSPI,GS Retail
008770,008770.KS,KOSPI,HtlShilla
026960,026960.KS,KOSPI,DONGSUH
282330,282330.KS,KOSPI,BGF Retail
023530,023530.KS,KOSPI,LOTTE SHOPPING
139480,139480.KS,KOSPI,emart
018670,018670.KS,KOSPI,SKGas
004170,004170.KS,KOSPI,Shinsegae
111770,111770.KS,KOSPI,Youngone Corp
009240,009240.KS,KOSPI,Hanssem
069960,069960.KS,KOSPI,HYUNDAIDEPTST
001120,001120.KS,KOSPI,LX INT
001740,001740.KS,KOSPI,SKNetworks
001530,001530.KS,KOSPI,DI DONGIL
031430,031430.KS,KOSPI,SHINSEGAE INTERNATIONAL
381970,381970.KS,KOSPI,K Car
057050,057050.KS,KOSPI,HYUNDAIHOMESHOP
115450,115450.KQ,KOSDAQ,HLB Therapeutics
017940,017940.KS,KOSPI,E1
060280,060280.KQ,KOSDAQ,CUREXO
453340,453340.KS,KOSPI,HYUNDAIGREENFOOD
032190,032190.KQ,KOSDAQ,DAOU DATA
900140,900140.KS,KOSPI,LVMC Holdings
036620,036620.KQ,KOSDAQ,GAMSUNG Corp.
093230,093230.KS,KOSPI,EID
064800,064800.KQ,KOSDAQ,Gemvaxlink
000680,000680.KS,KOSPI,LSNetworks
031330,031330.KQ,KOSDAQ,SAMT
950170,950170.KQ,KOSDAQ,JTC
122900,122900.KS,KOSPI,iMarketKorea
339770,339770.KS,KOSPI,KYOCHON F&B
011760,011760.KS,KOSPI,HYUNDAI CORP
051500,051500.KQ,KOSDAQ,CJ FW
005390,005390.KS,KOSPI,ShinsungTongsang
036030,036030.KQ,KOSDAQ,kt alpha
452260,452260.KS,KOSPI,HANWHA GALLERIA
002810,002810.KS,KOSPI,SamyungTrdg
011810,011810.KS,KOSPI,STX
254490,254490.KQ,KOSDAQ,MIRAI
037710,037710.KS,KOSPI,Gwangju Shinsegae
035080,035080.KQ,KOSDAQ,Gradiant
071840,071840.KS,KOSPI,LOTTE Himart
003580,003580.KS,KOSPI,HLB GLOBAL
024060,024060.KQ,KOSDAQ,Heungu
057880,057880.KQ,KOSDAQ,Green pine tree
000050,000050.KS,KOSPI,Kyungbang
362320,362320.KQ,KOSDAQ,CHUNGDAMGLOBAL
001250,001250.KS,KOSPI,GS Global
013990,013990.KQ,KOSDAQ,AGABANG&CO
450140,450140.KS,KOSPI,K.M.G
093520,093520.KQ,KOSDAQ,MAKUS
128820,128820.KS,KOSPI,DAESUNGIND
123690,123690.KS,KOSPI,HANKOOKCOSMETICS
02826K,02826K.KS,KOSPI,SAMSUNG C&T(1PB)
121440,121440.KQ,KOSDAQ,GOLFZON NEWDIN HOLDINGS
033290,033290.KQ,KOSDAQ,COWELL F/S
067990,067990.KQ,KOSDAQ,DEUTSCH MOTORS INC.
078940,078940.KQ,KOSDAQ,QUANTAPIA
065660,065660.KQ,KOSDAQ,ANTEROGEN
063170,063170.KQ,KOSDAQ,Seoul Auction
060560,060560.KQ,KOSDAQ,Home Center Holdings
004080,004080.KS,KOSPI,Shinhung
142210,142210.KQ,KOSDAQ,Unitrontech
439580,439580.KQ,KOSDAQ,BLUEMTEC
012700,012700.KQ,KOSDAQ,LEADCORP
077500,077500.KS,KOSPI,Uniquest
000440,000440.KQ,KOSDAQ,JA Enervis
159580,159580.KQ,KOSDAQ,0TO7
009810,009810.KS,KOSPI,Playgram
140070,140070.KQ,KOSDAQ,SurplusGLOBAL
065650,065650.KQ,KOSDAQ,Hyper Corporation
002700,002700.KS,KOSPI,SHINIL ELECTRONICS
048910,048910.KQ,KOSDAQ,DAEWON MEDIA
178780,178780.KQ,KOSDAQ,ILWOUL GML
064090,064090.KQ,KOSDAQ,WESTRISE
006880,006880.KS,KOSPI,SINGSONGHOLDINGS
032940,032940.KQ,KOSDAQ,WonIk
102370,102370.KQ,KOSDAQ,K Auction
227840,227840.KS,KOSPI,HYUNDAI CORPORATION HOLDINGS
019010,019010.KQ,KOSDAQ,VenueG
067830,067830.KS,KOSPI,SAVEZONEI&C
066910,066910.KQ,KOSDAQ,SONOKONG
099220,099220.KQ,KOSDAQ,SDN
101140,101140.KS,KOSPI,INBIOGEN
064240,064240.KQ,KOSDAQ,homecast
204840,204840.KQ,KOSDAQ,GLPT
250000,250000.KQ,KOSDAQ,BORATR
118000,118000.KS,KOSPI,SMEDI
109960,109960.KQ,KOSDAQ,AP Healthcare
006370,006370.KS,KOSPI,DaeguDptStr
004060,004060.KS,KOSPI,SGCORPORATION
007110,007110.KS,KOSPI,IlshinStone
033320,033320.KQ,KOSDAQ,JCH Systems
038070,038070.KQ,KOSDAQ,SeouLin
003010,003010.KS,KOSPI,HaeinCorp
052770,052770.KQ,KOSDAQ,ITOXI
024950,024950.KQ,KOSDAQ,SAMCHULY
044960,044960.KQ,KOSDAQ,Eagle Vet. Tech
014190,014190.KQ,KOSDAQ,WONIK CUBE Corp.
405920,405920.KQ,KOSDAQ,NARA CELLAR
004270,004270.KS,KOSPI,Namsung
214870,214870.KQ,KOSDAQ,NewGLAB Pharma
353590,353590.KQ,KOSDAQ,AUTO&
223310,223310.KQ,KOSDAQ,DeepMind
004590,004590.KQ,KOSDAQ,KoreaFurni
042040,042040.KQ,KOSDAQ,KPM TECH
046970,046970.KQ,KOSDAQ,WOORIRO
069640,069640.KS,KOSPI,HANSAEMK
069920,069920.KQ,KOSDAQ,ISE Commerce
025530,025530.KS,KOSPI,SJMH
036180,036180.KQ,KOSDAQ,GWV
309930,309930.KQ,KOSDAQ,OHEIM & Company
299170,299170.KQ,KOSDAQ,WSI
005360,005360.KS,KOSPI,Monami
007720,007720.KQ,KOSDAQ,DAEMYUNG SONOSEASON
051380,051380.KQ,KOSDAQ,PCD
038620,038620.KQ,KOSDAQ,WIZ
052300,052300.KQ,KOSDAQ,CT property
010600,010600.KS,KOSPI,WELLBIOTEC
415380,415380.KQ,KOSDAQ,Studio Samick
018700,018700.KQ,KOSDAQ,Barunson
051780,051780.KQ,KOSDAQ,CUROHOLDINGS
065170,065170.KQ,KOSDAQ,BLPT
024940,024940.KQ,KOSDAQ,PNPOONGNYUN
219550,219550.KQ,KOSDAQ,DYD
032980,032980.KQ,KOSDAQ,BYON
131220,131220.KQ,KOSDAQ,DAIHAN Scientific
900100,900100.KQ,KOSDAQ,Ameridge
048470,048470.KQ,KOSDAQ,DAESCO
051390,051390.KQ,KOSDAQ,"YW CO.,LTD"
002420,002420.KS,KOSPI,Century
013000,013000.KS,KOSPI,Sewooglobal
000760,000760.KS,KOSPI,RIFA
037400,037400.KQ,KOSDAQ,WOOREE ENTERPRISE
014100,014100.KQ,KOSDAQ,MED
016920,016920.KQ,KOSDAQ,Cas
005320,005320.KS,KOSPI,Kukdong
043090,043090.KQ,KOSDAQ,The Technology
290720,290720.KQ,KOSDAQ,FOODNAMOO
086060,086060.KQ,KOSDAQ,GeneBioTech
002870,002870.KS,KOSPI,SHINPOONG
215480,215480.KQ,KOSDAQ,TOEBOX KOREA
008775,008775.KS,KOSPI,HtlShilla(1P)
025870,025870.KQ,KOSDAQ,SILLA SG
043710,043710.KQ,KOSDAQ,SEOULEAGUER
050120,050120.KQ,KOSDAQ,ES CUBE
008600,008600.KS,KOSPI,WillBes
038530,038530.KQ,KOSDAQ,KBIO
072520,072520.KQ,KOSDAQ,GenNBio
088790,088790.KS,KOSPI,JINDO
377460,377460.KQ,KOSDAQ,WINIA AID
308100,308100.KQ,KOSDAQ,Castelbajac
019660,019660.KQ,KOSDAQ,GLOBON
010420,010420.KS,KOSPI,HANSOLPNS
066430,066430.KQ,KOSDAQ,Y-OPTICS MANUFACTURE
335870,335870.KQ,KOSDAQ,WINGS FOOT
005110,005110.KS,KOSPI,Hanchang
039740,039740.KQ,KOSDAQ,KIES
031860,031860.KQ,KOSDAQ,SU-Holdings
016670,016670.KQ,KOSDAQ,DMOA
065150,065150.KQ,KOSDAQ,Daesan F&B
45014K,45014K.KS,KOSPI,K.M.G(1P)
45226K,45226K.KS,KOSPI,HANWHA GALLERIA(1P)
247540,247540.KQ,KOSDAQ,ECOPROBM
065350,065350.KQ,KOSDAQ,SSDELTATECH
417200,417200.KQ,KOSDAQ,LS Materials
178320,178320.KQ,KOSDAQ,SEOJIN SYSTEM
204270,204270.KQ,KOSDAQ,JNTC
393890,393890.KQ,KOSDAQ,WCP
189300,189300.KQ,KOSDAQ,Intellian Tech
114190,114190.KQ,KOSDAQ,KANGWON ENERGY
360070,360070.KQ,KOSDAQ,TOP MATERIAL
218410,218410.KQ,KOSDAQ,RFHIC
148150,148150.KQ,KOSDAQ,Se Gyung Hi Tech
032820,032820.KQ,KOSDAQ,"WooriTG, Inc."
077360,077360.KQ,KOSDAQ,DSHM
270660,270660.KQ,KOSDAQ,Everybot
214430,214430.KQ,KOSDAQ,i3system
356860,356860.KQ,KOSDAQ,TLB
290690,290690.KQ,KOSDAQ,SOLUX
402490,402490.KQ,KOSDAQ,Green Resource
045390,045390.KQ,KOSDAQ,DAEATI
199820,199820.KQ,KOSDAQ,CHEIL ELECTRIC
037070,037070.KQ,KOSDAQ,PASECO
264850,264850.KQ,KOSDAQ,Elensys
236200,236200.KQ,KOSDAQ,Suprema
388050,388050.KQ,KOSDAQ,G2Power
382900,382900.KQ,KOSDAQ,BHF
044340,044340.KQ,KOSDAQ,WINIX
262260,262260.KQ,KOSDAQ,A Pro
105550,105550.KQ,KOSDAQ,TRUWIN
126730,126730.KQ,KOSDAQ,KORCHIP
273640,273640.KQ,KOSDAQ,YM Tech
311320,311320.KQ,KOSDAQ,GO Element
333620,333620.KQ,KOSDAQ,Nsys
036010,036010.KQ,KOSDAQ,ABEL
119850,119850.KQ,KOSDAQ,GNCENERGY
263600,263600.KQ,KOSDAQ,DERKWOO ELECTRONICS
294630,294630.KQ,KOSDAQ,SuNAM
069510,069510.KQ,KOSDAQ,ESTec
288620,288620.KQ,KOSDAQ,SFC
065710,065710.KQ,KOSDAQ,Seoho
317770,317770.KQ,KOSDAQ,Xperix
234920,234920.KQ,KOSDAQ,Zaigle
307180,307180.KQ,KOSDAQ,IL SCIENCE
048430,048430.KQ,KOSDAQ,YURA TECH.
010170,010170.KQ,KOSDAQ,TaihanFiberoptics
032540,032540.KQ,KOSDAQ,TJ MEDIA
042110,042110.KQ,KOSDAQ,SCD
355690,355690.KQ,KOSDAQ,ATUM
100590,100590.KQ,KOSDAQ,Mercury
321260,321260.KQ,KOSDAQ,PRO2000
318020,318020.KQ,KOSDAQ,POINT MOBILE
025440,025440.KQ,KOSDAQ,DHAUTOWARE
361670,361670.KQ,KOSDAQ,SAMYOUNG S&C
066130,066130.KQ,KOSDAQ,HAATZ
053160,053160.KQ,KOSDAQ,Freems
037030,037030.KQ,KOSDAQ,POWERNET
189860,189860.KQ,KOSDAQ,SJEM
377330,377330.KQ,KOSDAQ,EGT
263810,263810.KQ,KOSDAQ,Sangshin Electronics
053590,053590.KQ,KOSDAQ,HANKOOK Technology
177830,177830.KQ,KOSDAQ,PAVONINE
313760,313760.KQ,KOSDAQ,CARRY
317120,317120.KQ,KOSDAQ,RANIX
111870,111870.KQ,KOSDAQ,KH Mirae Corporation
032750,032750.KQ,KOSDAQ,Samjin
247660,247660.KQ,KOSDAQ,NANOCMS
203450,203450.KQ,KOSDAQ,Union community
038340,038340.KQ,KOSDAQ,MIT
237750,237750.KQ,KOSDAQ,PNC Technologies
331380,331380.KQ,KOSDAQ,FOCUS HNS
312610,312610.KQ,KOSDAQ,AFW
017250,017250.KQ,KOSDAQ,Interm
054220,054220.KQ,KOSDAQ,VitzroSys
062970,062970.KQ,KOSDAQ,PPI
071460,071460.KQ,KOSDAQ,WINIA
106240,106240.KQ,KOSDAQ,FINETECHNIX
005930,005930.KS,KOSPI,SamsungElec
000660,000660.KS,KOSPI,SK hynix
373220,373220.KS,KOSPI,LG Energy Solution
005935,005935.KS,KOSPI,SamsungElec(1P)
006400,006400.KS,KOSPI,"SAMSUNG SDI CO.,LTD."
003670,003670.KS,KOSPI,POSCO FUTURE M
066570,066570.KS,KOSPI,LGELECTRONICS
009150,009150.KS,KOSPI,SamsungElecMech
267260,267260.KS,KOSPI,HD HYUNDAI ELECTRIC
450080,450080.KS,KOSPI,ECOPRO MAT
011070,011070.KS,KOSPI,LG Innotek
010120,010120.KS,KOSPI,LS ELECTRIC
066970,066970.KS,KOSPI,L&F
034220,034220.KS,KOSPI,LG Display
272210,272210.KS,KOSPI,HANWHA SYSTEMS
298040,298040.KS,KOSPI,HYOSUNG HEAVY
007660,007660.KS,KOSPI,ISUPETASYS
361610,361610.KS,KOSPI,SK ie technology
001440,001440.KS,KOSPI,TaihanElecWire
020150,020150.KS,KOSPI,LOTTE ENERGY MATERIALS Corp
000990,000990.KS,KOSPI,DB HiTek
004490,004490.KS,KOSPI,SGBC
336260,336260.KS,KOSPI,Doosanfc
103590,103590.KS,KOSPI,ILJIN ELECTRIC
336370,336370.KS,KOSPI,Solus Advanced Materials
108320,108320.KS,KOSPI,LX Semicon
353200,353200.KS,KOSPI,DaeduckElectronics
248070,248070.KS,KOSPI,SOLUM
007340,007340.KS,KOSPI,DN AUTOMOTIVE
090460,090460.KS,KOSPI,BH
066575,066575.KS,KOSPI,LGELECTRONICS(1P)
009450,009450.KS,KOSPI,KYUNGDONGNAVIEN
025540,025540.KS,KOSPI,KorElecTerm
195870,195870.KS,KOSPI,HAESUNG DS
192650,192650.KS,KOSPI,DREAMTECH
033240,033240.KS,KOSPI,JahwaElec
009470,009470.KS,KOSPI,SamwhaElec
001820,001820.KS,KOSPI,SamwhaCapacitor
011930,011930.KS,KOSPI,SHINSUNG E&G
097520,097520.KS,KOSPI,MCNEX
006405,006405.KS,KOSPI,SAMSUNG SDI(1P)
029530,029530.KS,KOSPI,SINDOH
007810,007810.KS,KOSPI,KorCirc
000500,000500.KS,KOSPI,GAONCABLE
322000,322000.KS,KOSPI,HD HYUNDAI ENERGY SOLUTIONS
092220,092220.KS,KOSPI,KEC
006340,006340.KS,KOSPI,DaewonCbl
109070,109070.KS,KOSPI,JOOSUNG Corp
009155,009155.KS,KOSPI,SamsungElecMech(1P)
005680,005680.KS,KOSPI,SamyoungElec
004710,004710.KS,KOSPI,HansolTechnics
008700,008700.KS,KOSPI,AnamElec
008110,008110.KS,KOSPI,DAIDONG
011690,011690.KS,KOSPI,Y2 Solution
033180,033180.KS,KOSPI,KH FEELUX
017900,017900.KS,KOSPI,AUK
017040,017040.KS,KOSPI,KWANG MYUNG ELEC
005870,005870.KS,KOSPI,HuneedTechnologies
33626K,33626K.KS,KOSPI,Doosanfc(1P)
004770,004770.KS,KOSPI,SunnyElec
019180,019180.KS,KOSPI,THN
011230,011230.KS,KOSPI,SamwhaElec
020760,020760.KS,KOSPI,ILJINDISPLAY
004920,004920.KS,KOSPI,CITECH
007610,007610.KS,KOSPI,SeondoElec
33637K,33637K.KS,KOSPI,Solus Advanced Materials(1P)
015260,015260.KS,KOSPI,A&P
009140,009140.KS,KOSPI,KyunginElec
014910,014910.KS,KOSPI,SungmoonElec
33626L,33626L.KS,KOSPI,Doosanfc(2PB)
000300,000300.KS,KOSPI,DAYOUPLUS
019490,019490.KS,KOSPI,Hitron
001210,001210.KS,KOSPI,KumhoElec
33637L,33637L.KS,KOSPI,Solus Advanced Materials(2PB)
044380,044380.KS,KOSPI,JOOYONTECH
007815,007815.KS,KOSPI,KorCirc(1P)
35320K,35320K.KS,KOSPI,DaeduckElectro(1P)
006345,006345.KS,KOSPI,DaewonCbl(1P)
00781K,00781K.KS,KOSPI,KOR CIRC(2PB)
014915,014915.KS,KOSPI,SungmoonElec(1P)
015760,015760.KS,KOSPI,KEPCO
036460,036460.KS,KOSPI,Kogas
071320,071320.KS,KOSPI,KDHC
005090,005090.KS,KOSPI,SGC Energy
004690,004690.KS,KOSPI,Samchully
017390,017390.KS,KOSPI,SeoulCtyGas
117580,117580.KS,KOSPI,DAESUNGENERGY
267290,267290.KS,KOSPI,KYUNGDONG CITY GAS
034590,034590.KS,KOSPI,INCHEON CITY GAS
003480,003480.KS,KOSPI,HHICHoldings
029960,029960.KQ,KOSDAQ,KOENTEC
053050,053050.KQ,KOSDAQ,GSE
060900,060900.KQ,KOSDAQ,DGP
086520,086520.KQ,KOSDAQ,ECOPRO
041190,041190.KQ,KOSDAQ,WTIC
003380,003380.KQ,KOSDAQ,Harim Holdings
027360,027360.KQ,KOSDAQ,AJU IB INVESTMENT
100790,100790.KQ,KOSDAQ,Mirae Asset Venture
078020,078020.KQ,KOSDAQ,eBEST IS
211050,211050.KQ,KOSDAQ,Incar Financial Service
034810,034810.KQ,KOSDAQ,HaeSung
204620,204620.KQ,KOSDAQ,Global Tax Free
042370,042370.KQ,KOSDAQ,Vitzro Tech
900290,900290.KQ,KOSDAQ,GRT
078070,078070.KQ,KOSDAQ,Ubiquoss Holdings
023760,023760.KQ,KOSDAQ,HKCapital
019550,019550.KQ,KOSDAQ,SBI Investment KOREA
900250,900250.KQ,KOSDAQ,Crystal New Material
027830,027830.KQ,KOSDAQ,Daesung PE
021080,021080.KQ,KOSDAQ,Atinum Investment
054620,054620.KQ,KOSDAQ,APS
007330,007330.KQ,KOSDAQ,PUREUN S.BK.
289080,289080.KQ,KOSDAQ,SV INVESTMENT
053580,053580.KQ,KOSDAQ,WebCash
309960,309960.KQ,KOSDAQ,LB Investment
019590,019590.KQ,KOSDAQ,MVENTURE
307930,307930.KQ,KOSDAQ,COMPANY K PARTNERS
241520,241520.KQ,KOSDAQ,DSC Investment
293580,293580.KQ,KOSDAQ,NAU IB Capital
023460,023460.KQ,KOSDAQ,CNH
277070,277070.KQ,KOSDAQ,Lindeman Asia
900340,900340.KQ,KOSDAQ,WING YIP FOOD
330730,330730.KQ,KOSDAQ,Stonebridge Ventures
442900,442900.KQ,KOSDAQ,Mirae Asset Dream SPAC 1
440290,440290.KQ,KOSDAQ,HB Investment
452300,452300.KQ,KOSDAQ,Capstone Partners
016600,016600.KQ,KOSDAQ,QCP
021880,021880.KQ,KOSDAQ,MASON CAPITAL
900310,900310.KQ,KOSDAQ,Coloray
246690,246690.KQ,KOSDAQ,TSInvestment
448740,448740.KQ,KOSDAQ,SAMSUNG SPAC VIII
435620,435620.KQ,KOSDAQ,Hana25SPAC
900270,900270.KQ,KOSDAQ,HENG SHENG GROUP
900110,900110.KQ,KOSDAQ,East Asia Holdings
190650,190650.KQ,KOSDAQ,KOREA ASSET SEC
452980,452980.KQ,KOSDAQ,Shinhan 11th SPAC
900300,900300.KQ,KOSDAQ,ORGANIC TEA COSMETICS
439250,439250.KQ,KOSDAQ,SAMSUNG SPAC VII
900120,900120.KQ,KOSDAQ,CXI
900260,900260.KQ,KOSDAQ,Rothwell
451700,451700.KQ,KOSDAQ,NH SPAC 29
436610,436610.KQ,KOSDAQ,Korea No.11 SPAC
464680,464680.KQ,KOSDAQ,KB No.27 SPAC
019570,019570.KQ,KOSDAQ,Plutus
430230,430230.KQ,KOSDAQ,HANA24SPAC
413630,413630.KQ,KOSDAQ,Eugene SPAC VIII
900070,900070.KQ,KOSDAQ,GSMT
468510,468510.KQ,KOSDAQ,SAMSUNG SPAC IX
900280,900280.KQ,KOSDAQ,Golden Century
449020,449020.KQ,KOSDAQ,Yuanta SPAC 13
439410,439410.KQ,KOSDAQ,NH SPAC 26
466910,466910.KQ,KOSDAQ,NH SPAC 30
424140,424140.KQ,KOSDAQ,KB No.21 SPAC
477380,477380.KQ,KOSDAQ,MAV SPAC4
440820,440820.KQ,KOSDAQ,NH SPAC 27
412930,412930.KQ,KOSDAQ,Mirae Asset Vision SPAC 1
457390,457390.KQ,KOSDAQ,DaishinBalanceNo.15 SPAC
457630,457630.KQ,KOSDAQ,DaishinBalanceNo.16 SPAC
421800,421800.KQ,KOSDAQ,Kyobo 12 SPAC
406760,406760.KQ,KOSDAQ,HANA21SPAC
430220,430220.KQ,KOSDAQ,SHT-8 SPAC
442310,442310.KQ,KOSDAQ,DaishinBalanceNo.14 SPAC
454750,454750.KQ,KOSDAQ,Hana 28 SPAC
422040,422040.KQ,KOSDAQ,NH SPAC 23
469880,469880.KQ,KOSDAQ,Hana 30 SPAC
418170,418170.KQ,KOSDAQ,HANA22SPAC
473050,473050.KQ,KOSDAQ,Yuanta SPAC 15
458320,458320.KQ,KOSDAQ,KB No.26 SPAC
471050,471050.KQ,KOSDAQ,DaishinBalanceNo.17 SPAC
446750,446750.KQ,KOSDAQ,Hana 26 SPAC
430460,430460.KQ,KOSDAQ,HANWHAPLUSNO3SPAC
438220,438220.KQ,KOSDAQ,DaishinBalanceNo.13 SPAC
446840,446840.KQ,KOSDAQ,Kiwoom No.8 SPAC
435380,435380.KQ,KOSDAQ,Yuanta SPAC 10
425290,425290.KQ,KOSDAQ,SAMSUNG SPAC VI
448370,448370.KQ,KOSDAQ,Hana 27 SPAC
445970,445970.KQ,KOSDAQ,SHT-9 SPAC
454640,454640.KQ,KOSDAQ,Hana 29 SPAC
456440,456440.KQ,KOSDAQ,DB Finance No.11 SPAC
469900,469900.KQ,KOSDAQ,Hana 31 SPAC
474660,474660.KQ,KOSDAQ,Shinhan 12th SPAC
476470,476470.KQ,KOSDAQ,KB No.28 SPAC
03481K,03481K.KQ,KOSDAQ,HaeSung(1P)
446150,446150.KQ,KOSDAQ,Yuanta SPAC 12
430700,430700.KQ,KOSDAQ,Yuanta SPAC 9
474490,474490.KQ,KOSDAQ,Yuanta SPAC 16
415580,415580.KQ,KOSDAQ,Sangsangin SPAC III
444920,444920.KQ,KOSDAQ,Yuanta SPAC 11
437780,437780.KQ,KOSDAQ,NH SPAC 24
450050,450050.KQ,KOSDAQ,HI-8 SPAC
455310,455310.KQ,KOSDAQ,HANWHA PLUS NO 4 SPAC
455910,455910.KQ,KOSDAQ,SK Securities No.9 SPAC
446190,446190.KQ,KOSDAQ,Mirae Asset Vision SPAC 2
448830,448830.KQ,KOSDAQ,Mirae Asset Vision SPAC3
439730,439730.KQ,KOSDAQ,IBKS No.20 SPAC
400840,400840.KQ,KOSDAQ,HI-7 SPAC
452670,452670.KQ,KOSDAQ,Sangsangin SPAC IV
388800,388800.KQ,KOSDAQ,Eugene SPAC VII
448760,448760.KQ,KOSDAQ,IBKS No.22 SPAC
472220,472220.KQ,KOSDAQ,SHT-10 SPAC
442770,442770.KQ,KOSDAQ,IBKS No.21 SPAC
455250,455250.KQ,KOSDAQ,KB No.25 SPAC
450940,450940.KQ,KOSDAQ,Yuanta SPAC 14
458610,458610.KQ,KOSDAQ,Korea No.12 SPAC
456490,456490.KQ,KOSDAQ,Kyobo 14 SPAC
440790,440790.KQ,KOSDAQ,Kyobo 13 SPAC
464440,464440.KQ,KOSDAQ,Korea No.13 SPAC
467930,467930.KQ,KOSDAQ,IBKS No.23 SPAC
469480,469480.KQ,KOSDAQ,IBKS No.24 SPAC
418210,418210.KQ,KOSDAQ,Shinhan 10th SPAC
468760,468760.KQ,KOSDAQ,Eugene SPAC X
445360,445360.KQ,KOSDAQ,BNK SPAC 1
462020,462020.KQ,KOSDAQ,HMCIB No.6SPAC
433530,433530.KQ,KOSDAQ,Kiwoom No.7 SPAC
472230,472230.KQ,KOSDAQ,SK Securities No.11 SPAC
386580,386580.KQ,KOSDAQ,HANWHAPLUSNO2SPAC
473370,473370.KQ,KOSDAQ,BNK SPAC 2
465320,465320.KQ,KOSDAQ,Kyobo 15 SPAC
442130,442130.KQ,KOSDAQ,Eugene SPAC IX
435870,435870.KQ,KOSDAQ,SK Securities No.8 SPAC
475250,475250.KQ,KOSDAQ,Hana 33 SPAC
474930,474930.KQ,KOSDAQ,Shinhan 13th SPAC
413600,413600.KQ,KOSDAQ,Kiwoom No.6 SPAC
457940,457940.KQ,KOSDAQ,SK Securities No.10 SPAC
475240,475240.KQ,KOSDAQ,Hana 32 SPAC
473000,473000.KQ,KOSDAQ,SK Securities No.12 SPAC
438580,438580.KQ,KOSDAQ,NH SPAC 25
097950,097950.KS,KOSPI,CJ CheilJedang
003230,003230.KS,KOSPI,SamyangFood
271560,271560.KS,KOSPI,ORION
004370,004370.KS,KOSPI,Nongshim
007310,007310.KS,KOSPI,Ottogi
280360,280360.KS,KOSPI,LOTTE WELLFOOD
000080,000080.KS,KOSPI,HITEJINRO
005300,005300.KS,KOSPI,LotteChilsung
005180,005180.KS,KOSPI,Binggrae
001680,001680.KS,KOSPI,Daesang
049770,049770.KS,KOSPI,DongwonF&B
017810,017810.KS,KOSPI,Pulmuone Corporate
145990,145990.KS,KOSPI,SYC
005610,005610.KS,KOSPI,SPC SAMLIP
003960,003960.KS,KOSPI,SJDR
003920,003920.KS,KOSPI,NamyangDairy
001790,001790.KS,KOSPI,TS
101530,101530.KS,KOSPI,Haitai Confectionery
001130,001130.KS,KOSPI,DaehanFlrMill
011150,011150.KS,KOSPI,CJSEAFOOD
097955,097955.KS,KOSPI,CJ CheilJedang(1P)
136490,136490.KS,KOSPI,SUNJIN
033920,033920.KS,KOSPI,Muhak
008040,008040.KS,KOSPI,SAJODONGAONE
248170,248170.KS,KOSPI,SEMPIO FOODS
264900,264900.KS,KOSPI,CROWN
006090,006090.KS,KOSPI,OYANG
036580,036580.KS,KOSPI,FARMSCO
002600,002600.KS,KOSPI,CHOHEUNG
014710,014710.KS,KOSPI,SAJOSEAFOOD
027740,027740.KS,KOSPI,MANIKER
002140,002140.KS,KOSPI,KorInd
003925,003925.KS,KOSPI,NamyangDairy(1P)
004410,004410.KS,KOSPI,SeoulFoodInd
003680,003680.KS,KOSPI,HansungEnt
000890,000890.KS,KOSPI,BohaeBrew
006980,006980.KS,KOSPI,WOOSUNG
005305,005305.KS,KOSPI,LotteChilsung(1P)
023150,023150.KS,KOSPI,MHETHANOL
001685,001685.KS,KOSPI,Daesang(1P)
001795,001795.KS,KOSPI,TS(1P)
000087,000087.KS,KOSPI,HITEJINRO(2PB)
145995,145995.KS,KOSPI,SYC(1P)
26490K,26490K.KS,KOSPI,CROWN(1P)
011155,011155.KS,KOSPI,CJSEAFOOD(1P)
004415,004415.KS,KOSPI,SeoulFoodInd(1P)
092040,092040.KQ,KOSDAQ,Amicogen
136480,136480.KQ,KOSDAQ,HARIM
267980,267980.KQ,KOSDAQ,Maeil Dairies
035810,035810.KQ,KOSDAQ,EasyHoldings
005860,005860.KQ,KOSDAQ,HanilFeed
027710,027710.KQ,KOSDAQ,FarmStory
016790,016790.KQ,KOSDAQ,CANARIABIO
103840,103840.KQ,KOSDAQ,WOOYANG
194700,194700.KQ,KOSDAQ,NOVAREX
023900,023900.KQ,KOSDAQ,Pungguk Ethanol
260970,260970.KQ,KOSDAQ,S&D
353810,353810.KQ,KOSDAQ,EASYBIO
357230,357230.KQ,KOSDAQ,H.PIO
082850,082850.KQ,KOSDAQ,WOOREE BIO
043650,043650.KQ,KOSDAQ,KSDB
403490,403490.KQ,KOSDAQ,WDG Farm
005990,005990.KQ,KOSDAQ,MAEIL HOLDINGS
189980,189980.KQ,KOSDAQ,Hyungkuk F&B
009780,009780.KQ,KOSDAQ,MSC
218150,218150.KQ,KOSDAQ,MILAE BIORESOURCES
073560,073560.KQ,KOSDAQ,WOORISON F&G
018120,018120.KQ,KOSDAQ,JrDistiller
208140,208140.KQ,KOSDAQ,JUNGDAWN
270870,270870.KQ,KOSDAQ,Newtree
004650,004650.KQ,KOSDAQ,Changhae Ethanol
276730,276730.KQ,KOSDAQ,Jeju Beer Company
222040,222040.KQ,KOSDAQ,COSMAX NBT
239610,239610.KQ,KOSDAQ,HLSCIENCE
277410,277410.KQ,KOSDAQ,INSAN
088910,088910.KQ,KOSDAQ,DONGWOO FARM TO TABLE
005670,005670.KQ,KOSDAQ,FOODWELL
195500,195500.KQ,KOSDAQ,Maniker F&G
311390,311390.KQ,KOSDAQ,Neo Cremar
003310,003310.KQ,KOSDAQ,Daejoo
066360,066360.KQ,KOSDAQ,Cherrybro
222980,222980.KQ,KOSDAQ,Mcnulty
377220,377220.KQ,KOSDAQ,From Bio
318010,318010.KQ,KOSDAQ,Pharmsville
025880,025880.KQ,KOSDAQ,KC FEED
368970,368970.KQ,KOSDAQ,OSP
353190,353190.KQ,KOSDAQ,Hurum
238200,238200.KQ,KOSDAQ,BIFIDO
002680,002680.KQ,KOSDAQ,Hantop
025980,025980.KQ,KOSDAQ,Ananti
006730,006730.KQ,KOSDAQ,Seobu T&D
217620,217620.KQ,KOSDAQ,Didim E&F
032830,032830.KS,KOSPI,SAMSUNG LIFE
000810,000810.KS,KOSPI,SamsungF&MIns
005830,005830.KS,KOSPI,DB INSURANCE
001450,001450.KS,KOSPI,Hyundai M&F INS
088350,088350.KS,KOSPI,HANWHA LIFE
003690,003690.KS,KOSPI,Korean Re
000400,000400.KS,KOSPI,LotteInsurance
085620,085620.KS,KOSPI,MIRAE ASSET LIFE
000815,000815.KS,KOSPI,SamsungF&MIns(1P)
082640,082640.KS,KOSPI,TONGYANG LIFE
000370,000370.KS,KOSPI,Hanwha General Ins
000540,000540.KS,KOSPI,HeungkukF&MIns
000545,000545.KS,KOSPI,HeungkukF&MIns(1P)
119860,119860.KQ,KOSDAQ,Connectwave
042000,042000.KQ,KOSDAQ,Cafe24 Corp.
093320,093320.KQ,KOSDAQ,KINX
079940,079940.KQ,KOSDAQ,GABIA
143240,143240.KQ,KOSDAQ,Saramin
337930,337930.KQ,KOSDAQ,BrandXcorp
053280,053280.KQ,KOSDAQ,YES24
239340,239340.KQ,KOSDAQ,ESTaid
080010,080010.KQ,KOSDAQ,eSANG
089230,089230.KQ,KOSDAQ,THE E&M
005490,005490.KS,KOSPI,POSCO Holdings
010130,010130.KS,KOSPI,KorZinc
004020,004020.KS,KOSPI,HYUNDAI STEEL
103140,103140.KS,KOSPI,POONGSAN
002710,002710.KS,KOSPI,TCC STEEL
006110,006110.KS,KOSPI,SamaAlum
100090,100090.KS,KOSPI,SKoceanplant
001430,001430.KS,KOSPI,SBHC
016380,016380.KS,KOSPI,KG DONGBU STL
000670,000670.KS,KOSPI,Youngpoong
002240,002240.KS,KOSPI,KISWire
460860,460860.KS,KOSPI,DONGKUK STEEL
104700,104700.KS,KOSPI,KISCO
058650,058650.KS,KOSPI,SAH
306200,306200.KS,KOSPI,SSC
001940,001940.KS,KOSPI,KISCO Holdings
084010,084010.KS,KOSPI,Daehan Steel
004560,004560.KS,KOSPI,HYUNDAI BNG STEEL
058430,058430.KS,KOSPI,POSCO STEELEON
001780,001780.KS,KOSPI,ALUKO
018470,018470.KS,KOSPI,CHOILALUMINUM
005010,005010.KS,KOSPI,HUSTEEL
009160,009160.KS,KOSPI,SIMPAC
092790,092790.KS,KOSPI,NEXTEEL
008350,008350.KS,KOSPI,NamsunAlum
460850,460850.KS,KOSPI,DONGKUK CM
001080,001080.KS,KOSPI,ManhoRope&Wire
025820,025820.KS,KOSPI,LeekuInd
139990,139990.KS,KOSPI,AJUSTEEL
014280,014280.KS,KOSPI,KUMKANG KIND
000970,000970.KS,KOSPI,KorCastIronPipe
012800,012800.KS,KOSPI,DAECHANG
008260,008260.KS,KOSPI,NI STEEL
008970,008970.KS,KOSPI,DongyangStlPipe
024090,024090.KS,KOSPI,DCM
019440,019440.KS,KOSPI,SeAH SPECIAL STEEL
032560,032560.KS,KOSPI,HwangKum S&T
007280,007280.KS,KOSPI,KOREA STEEL
004890,004890.KS,KOSPI,DIC
071090,071090.KS,KOSPI,HISTEEL
155660,155660.KS,KOSPI,DSR
009190,009190.KS,KOSPI,DaiyangMtl
021050,021050.KS,KOSPI,Seowon
069460,069460.KS,KOSPI,DAEHOAL
002220,002220.KS,KOSPI,HanilIron&Stl
069730,069730.KS,KOSPI,DSRWIRE
026940,026940.KS,KOSPI,Bookook Steel
008420,008420.KS,KOSPI,MoonbaeStl
012160,012160.KS,KOSPI,YOUNGWIRE
002690,002690.KS,KOSPI,DONG IL STEEL
133820,133820.KS,KOSPI,FINEBESTEEL
001770,001770.KS,KOSPI,SHD
008355,008355.KS,KOSPI,NamsunAlum(1P)
014285,014285.KS,KOSPI,KUMKANG KIND(1P)
078600,078600.KQ,KOSDAQ,DAEJOO
033100,033100.KQ,KOSDAQ,CheryongElec
025320,025320.KQ,KOSDAQ,Synopex
272290,272290.KQ,KOSDAQ,INNOX Advanced Materials
058610,058610.KQ,KOSDAQ,SPG
091120,091120.KQ,KOSDAQ,EM-Tech
179900,179900.KQ,KOSDAQ,UTI
095500,095500.KQ,KOSDAQ,MNtech
082920,082920.KQ,KOSDAQ,VITCELL
161580,161580.KQ,KOSDAQ,PHILOPTICS
091700,091700.KQ,KOSDAQ,PARTRON
068240,068240.KQ,KOSDAQ,DAWONSYS
110990,110990.KQ,KOSDAQ,DIT
049070,049070.KQ,KOSDAQ,INTOPS
114810,114810.KQ,KOSDAQ,Hansol IONES
243840,243840.KQ,KOSDAQ,SHINHEUNG SEC
051370,051370.KQ,KOSDAQ,INTERFLEX
441270,441270.KQ,KOSDAQ,Fine M-Tec
060720,060720.KQ,KOSDAQ,KH VATEC
052020,052020.KQ,KOSDAQ,STCUBE
126340,126340.KQ,KOSDAQ,VINATECH
047310,047310.KQ,KOSDAQ,POWER LOGICS
045970,045970.KQ,KOSDAQ,CoAsia
042600,042600.KQ,KOSDAQ,SERONICS
371950,371950.KQ,KOSDAQ,POONGWON
190510,190510.KQ,KOSDAQ,NAMUGA
149950,149950.KQ,KOSDAQ,AVATEC
091580,091580.KQ,KOSDAQ,SANGSIN EDP
290550,290550.KQ,KOSDAQ,DKT
054210,054210.KQ,KOSDAQ,Elentec
192440,192440.KQ,KOSDAQ,Spigen Korea
125210,125210.KQ,KOSDAQ,AMOGREENTECH
024810,024810.KQ,KOSDAQ,E.T.I
080420,080420.KQ,KOSDAQ,Moda-InnoChips
131400,131400.KQ,KOSDAQ,EV.A.M.
140670,140670.KQ,KOSDAQ,RS Automation
079960,079960.KQ,KOSDAQ,DONGYANG E&P
085670,085670.KQ,KOSDAQ,NEWFLEX
096630,096630.KQ,KOSDAQ,S Connect
255440,255440.KQ,KOSDAQ,YAS
065680,065680.KQ,KOSDAQ,UJU
092190,092190.KQ,KOSDAQ,SEOUL VIOSYS
267320,267320.KQ,KOSDAQ,Naintech
049520,049520.KQ,KOSDAQ,UIL
357580,357580.KQ,KOSDAQ,Amosense
300120,300120.KQ,KOSDAQ,LaonPeople
052420,052420.KQ,KOSDAQ,OSUNG ADVANCED MATERIALS
332570,332570.KQ,KOSDAQ,WiPAM
036710,036710.KQ,KOSDAQ,SIMMTECH HOLDINGS
151910,151910.KQ,KOSDAQ,FutureCore
257370,257370.KQ,KOSDAQ,PNT Ms
037950,037950.KQ,KOSDAQ,ELCOMTEC
093920,093920.KQ,KOSDAQ,SWIT
052710,052710.KQ,KOSDAQ,Amotech
094970,094970.KQ,KOSDAQ,JMT
043260,043260.KQ,KOSDAQ,SUNGHO
321370,321370.KQ,KOSDAQ,SV
050110,050110.KQ,KOSDAQ,CammSys
082210,082210.KQ,KOSDAQ,OPTRONTEC
066670,066670.KQ,KOSDAQ,DTC
054040,054040.KQ,KOSDAQ,KCI
101330,101330.KQ,KOSDAQ,MOBASE
155650,155650.KQ,KOSDAQ,YMC
041520,041520.KQ,KOSDAQ,ELC
368600,368600.KQ,KOSDAQ,ICH
037330,037330.KQ,KOSDAQ,INZI DISPLAY
347770,347770.KQ,KOSDAQ,PIMS
095270,095270.KQ,KOSDAQ,WAVE ELECTRO
290740,290740.KQ,KOSDAQ,ActRo
101390,101390.KQ,KOSDAQ,IM
092300,092300.KQ,KOSDAQ,HYUNWOO
106080,106080.KQ,KOSDAQ,HYSONIC
073110,073110.KQ,KOSDAQ,LMS
066900,066900.KQ,KOSDAQ,DAP
376290,376290.KQ,KOSDAQ,CU TECH
148930,148930.KQ,KOSDAQ,HYTC
033200,033200.KQ,KOSDAQ,MOATECH
198080,198080.KQ,KOSDAQ,NPD
056700,056700.KQ,KOSDAQ,SHINWHA
049630,049630.KQ,KOSDAQ,JAEYOUNG
033560,033560.KQ,KOSDAQ,BLUECOM
081580,081580.KQ,KOSDAQ,SUNGWOO ELEC
049120,049120.KQ,KOSDAQ,FINE DNC
187270,187270.KQ,KOSDAQ,Shin Hwa Contech
032960,032960.KQ,KOSDAQ,DongilTech
193250,193250.KQ,KOSDAQ,Linked
095910,095910.KQ,KOSDAQ,S-ENERGY
131760,131760.KQ,KOSDAQ,FINETEK
208710,208710.KQ,KOSDAQ,BIOLOG DEVICE
351320,351320.KQ,KOSDAQ,SAT
083470,083470.KQ,KOSDAQ,EMnI
121850,121850.KQ,KOSDAQ,KOYJ
059100,059100.KQ,KOSDAQ,IC
076610,076610.KQ,KOSDAQ,Haesung Optics
091340,091340.KQ,KOSDAQ,S&K
054090,054090.KQ,KOSDAQ,SAMJIN LND
115530,115530.KQ,KOSDAQ,CNPLUS
154040,154040.KQ,KOSDAQ,Dasan Solueta
043200,043200.KQ,KOSDAQ,PARU
191410,191410.KQ,KOSDAQ,RYUK-IL C&S
067770,067770.KQ,KOSDAQ,SEJINTS
027040,027040.KQ,KOSDAQ,SET
069330,069330.KQ,KOSDAQ,U.I.DISPLAY
065690,065690.KQ,KOSDAQ,PAKERS
042700,042700.KS,KOSPI,HANMISemi
034020,034020.KS,KOSPI,Doosan Enerbility
454910,454910.KS,KOSPI,Doosan Robotics
241560,241560.KS,KOSPI,Doosan Bobcat
079550,079550.KS,KOSPI,LIG Nex1
277810,277810.KQ,KOSDAQ,Rainbow Robotics
018880,018880.KS,KOSPI,Hanon Systems
112610,112610.KS,KOSPI,CSWIND
137400,137400.KQ,KOSDAQ,P&T
017800,017800.KS,KOSPI,HyundaiElev
042670,042670.KS,KOSPI,HD Hyundai Infracore
082740,082740.KS,KOSPI,Hanwha Engine
267270,267270.KS,KOSPI,HD HYUNDAI CE
056190,056190.KQ,KOSDAQ,SFA
098460,098460.KQ,KOSDAQ,Koh Young
222080,222080.KQ,KOSDAQ,CIS
136510,136510.KQ,KOSDAQ,Smart Solutions
372170,372170.KQ,KOSDAQ,"YSFC Co.,Ltd"
297890,297890.KQ,KOSDAQ,HB SOLUTION
455900,455900.KQ,KOSDAQ,ANGEL
079370,079370.KQ,KOSDAQ,ZEUS
017960,017960.KS,KOSPI,HankukCarbon
378340,378340.KQ,KOSDAQ,Philenergy
299030,299030.KQ,KOSDAQ,HANA TECHNOLOGY
071970,071970.KS,KOSPI,STX Heavy Industries
089970,089970.KQ,KOSDAQ,VM
082270,082270.KQ,KOSDAQ,GemVax
077970,077970.KS,KOSPI,STXEngine
054950,054950.KQ,KOSDAQ,JVM
007460,007460.KS,KOSPI,Aprogen
319400,319400.KQ,KOSDAQ,HYUNDAI MOVEX
348340,348340.KQ,KOSDAQ,NEUROMEKA
083650,083650.KQ,KOSDAQ,BHI
323280,323280.KQ,KOSDAQ,TAESUNG
108230,108230.KQ,KOSDAQ,TOPTEC
083930,083930.KQ,KOSDAQ,AVACO
056080,056080.KQ,KOSDAQ,Yujin Robot
412540,412540.KQ,KOSDAQ,JEIL M&S
144960,144960.KQ,KOSDAQ,NPP
078150,078150.KQ,KOSDAQ,HB Technology
417010,417010.KQ,KOSDAQ,NanoTIM
090360,090360.KQ,KOSDAQ,Robostar
117730,117730.KQ,KOSDAQ,T-ROBOTICS
000490,000490.KS,KOSPI,DAEDONG CORP.
079810,079810.KQ,KOSDAQ,DE&T
053080,053080.KQ,KOSDAQ,K-ENSOL
004380,004380.KS,KOSPI,SAMICKTHK
322310,322310.KQ,KOSDAQ,AUROSTECH
282880,282880.KQ,KOSDAQ,COWIN
388720,388720.KQ,KOSDAQ,YUIL
382840,382840.KQ,KOSDAQ,Onejoon
217820,217820.KQ,KOSDAQ,WONIK PNE
100840,100840.KS,KOSPI,SNTEnergy
297090,297090.KQ,KOSDAQ,CS BEARING
074610,074610.KS,KOSPI,ENPLUS
104460,104460.KQ,KOSDAQ,DYPNF
049950,049950.KQ,KOSDAQ,meerecompany
036890,036890.KQ,KOSDAQ,JINSUNG
002900,002900.KS,KOSPI,TYM
290670,290670.KQ,KOSDAQ,DAE BO MAGNETIC
036560,036560.KQ,KOSDAQ,YPPC
090710,090710.KQ,KOSDAQ,Hyulim ROBOT
073010,073010.KQ,KOSDAQ,KSP
451220,451220.KQ,KOSDAQ,IMT
432470,432470.KQ,KOSDAQ,KNS
277880,277880.KQ,KOSDAQ,TSI
010820,010820.KS,KOSPI,FIRSTEC
014940,014940.KQ,KOSDAQ,OPCO
382800,382800.KQ,KOSDAQ,GnBS eco
068790,068790.KQ,KOSDAQ,DMS
109740,109740.KQ,KOSDAQ,DSK
168360,168360.KQ,KOSDAQ,PEMTRON
259630,259630.KQ,KOSDAQ,mplus
210540,210540.KS,KOSPI,DY POWER
011700,011700.KS,KOSPI,HanshinMach
017370,017370.KS,KOSPI,WooshinSystems
389500,389500.KQ,KOSDAQ,SBB TECH
099440,099440.KQ,KOSDAQ,SMEC
195990,195990.KQ,KOSDAQ,Abpro Bio
060310,060310.KQ,KOSDAQ,3S KOREA
419080,419080.KQ,KOSDAQ,ENJET
159010,159010.KQ,KOSDAQ,ASFLOW
018000,018000.KQ,KOSDAQ,UNISON
145210,145210.KS,KOSPI,Dynamic Design
251630,251630.KQ,KOSDAQ,V-ONE TECH
017550,017550.KS,KOSPI,SoosanHvyInd
015590,015590.KS,KOSPI,Kib plug energy
340930,340930.KQ,KOSDAQ,YET
083500,083500.KQ,KOSDAQ,FNS TECH
120030,120030.KS,KOSPI,CHOSUN WELDING
041440,041440.KQ,KOSDAQ,HYUNDAI EVERDIGM
452190,452190.KQ,KOSDAQ,HBL
012600,012600.KS,KOSPI,CHUNGHO ICT
306620,306620.KQ,KOSDAQ,Neontech
086670,086670.KQ,KOSDAQ,BMT
302430,302430.KQ,KOSDAQ,INNOMETRY
382480,382480.KQ,KOSDAQ,G.I.Tech
160600,160600.KQ,KOSDAQ,EQUIPMENTS CELL
105740,105740.KQ,KOSDAQ,DK-Lok
007820,007820.KQ,KOSDAQ,SMC
088130,088130.KQ,KOSDAQ,DONG A ELTEK
101170,101170.KQ,KOSDAQ,WOORIM PTS
226440,226440.KQ,KOSDAQ,HANSONGNEOTECH
065130,065130.KQ,KOSDAQ,TOP ENG
043220,043220.KQ,KOSDAQ,TS Nexgen
105760,105760.KQ,KOSDAQ,POSBANK
452160,452160.KQ,KOSDAQ,JNB
126880,126880.KQ,KOSDAQ,JNK Global
320000,320000.KQ,KOSDAQ,WINTEC
317830,317830.KQ,KOSDAQ,SPSystems
071670,071670.KQ,KOSDAQ,A-Tech
036090,036090.KQ,KOSDAQ,WIZIT
039610,039610.KQ,KOSDAQ,HS VALVE
417970,417970.KQ,KOSDAQ,Model Solution
123840,123840.KQ,KOSDAQ,NUON
092440,092440.KS,KOSPI,KISHIN
217500,217500.KQ,KOSDAQ,RUSSELL
254120,254120.KQ,KOSDAQ,XAVIS
008830,008830.KQ,KOSDAQ,DaedongGear
101000,101000.KQ,KOSDAQ,SSII
085310,085310.KS,KOSPI,NK
019990,019990.KQ,KOSDAQ,ENERTORK
033540,033540.KQ,KOSDAQ,Paratech
222160,222160.KQ,KOSDAQ,NPX
080000,080000.KQ,KOSDAQ,SNU
084180,084180.KQ,KOSDAQ,Soosung Webtoon
010660,010660.KS,KOSPI,HWACHEON
317850,317850.KQ,KOSDAQ,DAEMO
051490,051490.KQ,KOSDAQ,NARA M&D
044060,044060.KQ,KOSDAQ,JOKWANG ILI
004450,004450.KS,KOSPI,SamhwaCrown&Closure
043340,043340.KQ,KOSDAQ,Essen Tech
010240,010240.KQ,KOSDAQ,HEUNGKUK
000850,000850.KS,KOSPI,HMT
137080,137080.KQ,KOSDAQ,NARAE NANOTECH CORP.
119650,119650.KS,KOSPI,KC COTTRELL
129920,129920.KQ,KOSDAQ,Daesung Hi-Tech
227950,227950.KQ,KOSDAQ,N2TECH
058730,058730.KS,KOSPI,DASCO
100660,100660.KQ,KOSDAQ,SMI
050860,050860.KQ,KOSDAQ,ASIA TECHNOLOGY
256150,256150.KQ,KOSDAQ,HDCTECH
068330,068330.KQ,KOSDAQ,"ilShinbiobase Co., Ltd."
013810,013810.KQ,KOSDAQ,Speco
091090,091090.KS,KOSPI,SEWON E&C
048770,048770.KQ,KOSDAQ,TPC
049800,049800.KS,KOSPI,WOOJIN PLAIMM
012200,012200.KS,KOSPI,KeyangElecMach
290520,290520.KQ,KOSDAQ,SHINDO
019770,019770.KQ,KOSDAQ,SEOYON TOPMETAL
006570,006570.KS,KOSPI,DaelimTrdg
009310,009310.KS,KOSPI,Charm Engineering
054300,054300.KQ,KOSDAQ,Panstar Enterprise
045520,045520.KQ,KOSDAQ,Clean & Science
089140,089140.KQ,KOSDAQ,NEXTURNBIO
196490,196490.KQ,KOSDAQ,DAT
058530,058530.KQ,KOSDAQ,PANACEA
138360,138360.KQ,KOSDAQ,Hyupjin
103230,103230.KQ,KOSDAQ,S&W Corp.
044780,044780.KQ,KOSDAQ,HK
025890,025890.KS,KOSPI,HankookSteel
079950,079950.KQ,KOSDAQ,INVENIA
101680,101680.KQ,KOSDAQ,HNK
012205,012205.KS,KOSPI,KeyangElecMach(1P)
137310,137310.KS,KOSPI,SD Biosensor
145720,145720.KS,KOSPI,DENTIUM
281820,281820.KS,KOSPI,KCTECH
003160,003160.KS,KOSPI,DI
029460,029460.KS,KOSPI,KC
105840,105840.KS,KOSPI,WOOJIN
372910,372910.KS,KOSPI,Hancom Lifecare
025560,025560.KS,KOSPI,Mirae
214150,214150.KQ,KOSDAQ,CLASSYS
140860,140860.KQ,KOSDAQ,Park Systems
287410,287410.KQ,KOSDAQ,Jeisys Medical
336570,336570.KQ,KOSDAQ,WONTECH
335890,335890.KQ,KOSDAQ,VIOL
099190,099190.KQ,KOSDAQ,i-SENS
314930,314930.KQ,KOSDAQ,BIODYNE
043150,043150.KQ,KOSDAQ,VATECH
445680,445680.KQ,KOSDAQ,Curiox Biosystems
126700,126700.KQ,KOSDAQ,HyVISION
041830,041830.KQ,KOSDAQ,InBody
119610,119610.KQ,KOSDAQ,INTEROJO
294090,294090.KQ,KOSDAQ,EOFlow
039840,039840.KQ,KOSDAQ,DIO
100120,100120.KQ,KOSDAQ,Vieworks
179290,179290.KQ,KOSDAQ,MITECH
214680,214680.KQ,KOSDAQ,DRTECH
150840,150840.KQ,KOSDAQ,IntroMedic
452200,452200.KQ,KOSDAQ,Mintech
048870,048870.KQ,KOSDAQ,Synergy Innovation
228670,228670.KQ,KOSDAQ,Ray
370090,370090.KQ,KOSDAQ,Furonteer
156100,156100.KQ,KOSDAQ,L&K BIOMED
149980,149980.KQ,KOSDAQ,Hironic
065510,065510.KQ,KOSDAQ,Huvitz
164060,164060.KQ,KOSDAQ,ILOODA
065450,065450.KQ,KOSDAQ,VICTEK
368770,368770.KQ,KOSDAQ,FIBERPRO
056090,056090.KQ,KOSDAQ,Innosys
199430,199430.KQ,KOSDAQ,KNR SYSTEMS
261200,261200.KQ,KOSDAQ,DENTIS
228850,228850.KQ,KOSDAQ,RAYENCE
305090,305090.KQ,KOSDAQ,Micro Digital
215090,215090.KQ,KOSDAQ,Hucentech
269620,269620.KQ,KOSDAQ,SYSWORK
046210,046210.KQ,KOSDAQ,HLB PANAGENE
041920,041920.KQ,KOSDAQ,MEDIANA
039860,039860.KQ,KOSDAQ,NanoenTek
208370,208370.KQ,KOSDAQ,SELVAS Healthcare
376930,376930.KQ,KOSDAQ,Noul
199550,199550.KQ,KOSDAQ,Laseroptek
053450,053450.KQ,KOSDAQ,SEKONIX
104540,104540.KQ,KOSDAQ,Corentec
302550,302550.KQ,KOSDAQ,REMED
263690,263690.KQ,KOSDAQ,DRGEM
347000,347000.KQ,KOSDAQ,SENKO
006140,006140.KQ,KOSDAQ,PJ Electro
226400,226400.KQ,KOSDAQ,OSTEONIC
348350,348350.KQ,KOSDAQ,WITHTECH
122310,122310.KQ,KOSDAQ,GENORAY
225190,225190.KQ,KOSDAQ,LK SAMYANG
253840,253840.KQ,KOSDAQ,Sugentech
049430,049430.KQ,KOSDAQ,KOMELON
002230,002230.KQ,KOSDAQ,PSTEC
360350,360350.KQ,KOSDAQ,COXEM
317690,317690.KQ,KOSDAQ,QuantaMatrix
323350,323350.KQ,KOSDAQ,DAWON NEXVIEW
057540,057540.KQ,KOSDAQ,Omnisystem
219750,219750.KQ,KOSDAQ,BTB Korea
214610,214610.KQ,KOSDAQ,MiCo Bio
147760,147760.KQ,KOSDAQ,Protec Mems Technology
238120,238120.KQ,KOSDAQ,Aligned
196450,196450.KQ,KOSDAQ,CoAsia CM
181340,181340.KQ,KOSDAQ,isMedia
419540,419540.KQ,KOSDAQ,BISTOS
363250,363250.KQ,KOSDAQ,Genesystem
335810,335810.KQ,KOSDAQ,Precision Biosensor
405000,405000.KQ,KOSDAQ,Plasmapp
290660,290660.KQ,KOSDAQ,NEOFECT
303360,303360.KQ,KOSDAQ,PROTIA
058110,058110.KQ,KOSDAQ,MEKICS
115480,115480.KQ,KOSDAQ,CU MEDICAL
137940,137940.KQ,KOSDAQ,NextEye
043100,043100.KQ,KOSDAQ,SOLCO
258830,258830.KQ,KOSDAQ,SEJONG MEDICAL
106520,106520.KQ,KOSDAQ,Noble M&B
207940,207940.KS,KOSPI,SAMSUNG BIOLOGICS
068270,068270.KS,KOSPI,Celltrion
000100,000100.KS,KOSPI,Yuhan
302440,302440.KS,KOSPI,SKBS
128940,128940.KS,KOSPI,HanmiPharm
009420,009420.KS,KOSPI,HANALL BIOPHARMA
006280,006280.KS,KOSPI,GC Corp
185750,185750.KS,KOSPI,CHONGKUNDANG
069620,069620.KS,KOSPI,DAEWOONG PHARM
003090,003090.KS,KOSPI,Daewoong
003850,003850.KS,KOSPI,Boryung
001060,001060.KS,KOSPI,JWPHARMA
019170,019170.KS,KOSPI,ShinpoongPharm
170900,170900.KS,KOSPI,Donga ST
377740,377740.KS,KOSPI,BioNote
003520,003520.KS,KOSPI,YUNGJIN PHARM
033270,033270.KS,KOSPI,KUP
003000,003000.KS,KOSPI,BukwangPharm
249420,249420.KS,KOSPI,ILDONG PHARM
009290,009290.KS,KOSPI,KwangdongPharm
005690,005690.KS,KOSPI,Pharmicell
003220,003220.KS,KOSPI,Daewonpharm
005500,005500.KS,KOSPI,SamjinPharm
001630,001630.KS,KOSPI,CHONGKUNDANG HOLDINGS
016580,016580.KS,KOSPI,WhaninPharm
102460,102460.KS,KOSPI,REYON
007570,007570.KS,KOSPI,IlyangPharm
003120,003120.KS,KOSPI,ILSUNG IS
271980,271980.KS,KOSPI,JEIL PHARM
000020,000020.KS,KOSPI,DongwhaPharm
293480,293480.KS,KOSPI,Hana Pharm
002390,002390.KS,KOSPI,HANDOK
234080,234080.KS,KOSPI,JW LIFESCIENCE
000520,000520.KS,KOSPI,SamilPharm
214390,214390.KS,KOSPI,KYONGBO
011000,011000.KS,KOSPI,GENEONE
001360,001360.KS,KOSPI,SAMSUNG PHARM
002210,002210.KS,KOSPI,DongsungPharm
063160,063160.KS,KOSPI,CKDBio
004310,004310.KS,KOSPI,Hyundai pharm
002720,002720.KS,KOSPI,Kukje Pharma
004720,004720.KS,KOSPI,PharmGen Science
000230,000230.KS,KOSPI,ILDONG HOLDINGS
000220,000220.KS,KOSPI,YuyuPharma
000105,000105.KS,KOSPI,Yuhan(1P)
003060,003060.KS,KOSPI,Aprogen Biologics
017180,017180.KS,KOSPI,Myungmoon Pharm
002630,002630.KS,KOSPI,OBI
019175,019175.KS,KOSPI,ShinpoongPharm(1P)
001067,001067.KS,KOSPI,JWPHARMA(2PB)
000225,000225.KS,KOSPI,YuyuPharma(1P)
001065,001065.KS,KOSPI,JWPHARMA(1P)
007575,007575.KS,KOSPI,IlyangPharm(1P)
000227,000227.KS,KOSPI,YuyuPharma(2PB)
009520,009520.KQ,KOSDAQ,POSCO M-TECH
005160,005160.KQ,KOSDAQ,DONGKUK
044490,044490.KQ,KOSDAQ,TAEWOONG
013030,013030.KQ,KOSDAQ,HY-LOKCO
023160,023160.KQ,KOSDAQ,TKCORP.
014620,014620.KQ,KOSDAQ,SKB
018310,018310.KQ,KOSDAQ,SAMMOK S-FORM
354320,354320.KQ,KOSDAQ,ALMAC
109610,109610.KQ,KOSDAQ,SY
101670,101670.KQ,KOSDAQ,Hydro Lithium
019210,019210.KQ,KOSDAQ,YG-1
006910,006910.KQ,KOSDAQ,BOSUNG POWER
100130,100130.KQ,KOSDAQ,Dongkuk S&C
452280,452280.KQ,KOSDAQ,HANSUN ENGINEERING
147830,147830.KQ,KOSDAQ,CheryongInd
162300,162300.KQ,KOSDAQ,SHIN STEEL
095190,095190.KQ,KOSDAQ,EMKOREA
186230,186230.KQ,KOSDAQ,greenplus
024880,024880.KQ,KOSDAQ,KPF
023440,023440.KQ,KOSDAQ,JSCO Holdings
033310,033310.KQ,KOSDAQ,M2N
059270,059270.KQ,KOSDAQ,Haisung Aero-Robotics
024840,024840.KQ,KOSDAQ,KBI METAL
053260,053260.KQ,KOSDAQ,KEUM KANG
128660,128660.KQ,KOSDAQ,PJ METAL
256630,256630.KQ,KOSDAQ,POINTENG
396300,396300.KQ,KOSDAQ,SeA Mechanics
039240,039240.KQ,KOSDAQ,K-Steel
109860,109860.KQ,KOSDAQ,DONGIL METAL
222810,222810.KQ,KOSDAQ,Setopia
017510,017510.KQ,KOSDAQ,SemyungElec
025550,025550.KQ,KOSDAQ,HanSun
017480,017480.KQ,KOSDAQ,SAMSCO
090410,090410.KQ,KOSDAQ,Dukshinepc
365330,365330.KQ,KOSDAQ,SY STEEL TECH
096350,096350.KQ,KOSDAQ,DSOL
081150,081150.KQ,KOSDAQ,Tplex
263770,263770.KQ,KOSDAQ,UST
038010,038010.KQ,KOSDAQ,JEIL TECHNOS
240600,240600.KQ,KOSDAQ,YUJIN TECHNOLOGY
004780,004780.KQ,KOSDAQ,Daeryuk
053620,053620.KQ,KOSDAQ,TAEYANG
073640,073640.KQ,KOSDAQ,TERA SCIENCE
009730,009730.KQ,KOSDAQ,IREM
007530,007530.KQ,KOSDAQ,YM
054540,054540.KQ,KOSDAQ,SYMTEK
140520,140520.KQ,KOSDAQ,DaeChang Steel
037760,037760.KQ,KOSDAQ,CENIT
049830,049830.KQ,KOSDAQ,SEUNG IL
138070,138070.KQ,KOSDAQ,SINJIN SM
258610,258610.KQ,KOSDAQ,CAELUM
060380,060380.KQ,KOSDAQ,DY STEC
021040,021040.KQ,KOSDAQ,dhSteel
119500,119500.KQ,KOSDAQ,FORMETAL
079170,079170.KQ,KOSDAQ,Hanchang
146060,146060.KQ,KOSDAQ,YCPIPE
198940,198940.KQ,KOSDAQ,HANJOO LIGHT METAL
012620,012620.KQ,KOSDAQ,Wonil
093380,093380.KQ,KOSDAQ,PUNGKANG
192390,192390.KQ,KOSDAQ,Winhitech
008470,008470.KQ,KOSDAQ,BOOSTER
020400,020400.KQ,KOSDAQ,DaedongMetal
060480,060480.KQ,KOSDAQ,KUKIL METAL
009620,009620.KQ,KOSDAQ,SAMBO IND
054410,054410.KQ,KOSDAQ,KPTU
069140,069140.KQ,KOSDAQ,Nuriplan
026910,026910.KQ,KOSDAQ,KwangjinInd
023790,023790.KQ,KOSDAQ,DongilSteel
021045,021045.KQ,KOSDAQ,dhSteel(1P)
074600,074600.KQ,KOSDAQ,WONIK QnC
038500,038500.KQ,KOSDAQ,SAMPYO Cement
023410,023410.KQ,KOSDAQ,EUGENE
225530,225530.KQ,KOSDAQ,BoKwang Industry
238090,238090.KQ,KOSDAQ,NDFOS
255220,255220.KQ,KOSDAQ,SG
043910,043910.KQ,KOSDAQ,NNE
075970,075970.KQ,KOSDAQ,DONGKUK R&S
198440,198440.KQ,KOSDAQ,KOREA CEMENT
222420,222420.KQ,KOSDAQ,CENOTEC
228340,228340.KQ,KOSDAQ,TONGYANG PILE
006050,006050.KQ,KOSDAQ,KUKYOUNGG&M
006920,006920.KQ,KOSDAQ,Mohenz
079650,079650.KQ,KOSDAQ,Seosan
003410,003410.KS,KOSPI,SSANGYONGCNE
300720,300720.KS,KOSPI,HANILCMT
010780,010780.KS,KOSPI,IS DONGSEO
344820,344820.KS,KOSPI,KCC GLASS
003300,003300.KS,KOSPI,HANILHOLDINGS
183190,183190.KS,KOSPI,ASIACEMENT
006390,006390.KS,KOSPI,HANIL HYUNDAI CEMENT
000480,000480.KS,KOSPI,CR Holdings
004090,004090.KS,KOSPI,KorPetro
462520,462520.KS,KOSPI,Chosun REF
004980,004980.KS,KOSPI,SungshinCement
001520,001520.KS,KOSPI,TONGYANG
014580,014580.KS,KOSPI,TAEKYUNG BK
007210,007210.KS,KOSPI,Byuksan
010040,010040.KS,KOSPI,Krc
047400,047400.KS,KOSPI,UNIONMaterials
001560,001560.KS,KOSPI,CHEILGRINDING
000910,000910.KS,KOSPI,Union
005750,005750.KS,KOSPI,DAELIM B&Co
008870,008870.KS,KOSPI,Kumbi
011390,011390.KS,KOSPI,BusanInd
004440,004440.KS,KOSPI,SAMIL C&S
004870,004870.KS,KOSPI,T'way Holdings
004985,004985.KS,KOSPI,SungshinCement(1P)
001527,001527.KS,KOSPI,TONGYANG(2PB)
001525,001525.KS,KOSPI,TONGYANG(1P)
105560,105560.KS,KOSPI,KBFinancialGroup
055550,055550.KS,KOSPI,ShinhanGroup
086790,086790.KS,KOSPI,HANAFINANCIALGR
138040,138040.KS,KOSPI,Meritz Financial
034730,034730.KS,KOSPI,SK
003550,003550.KS,KOSPI,LG Corp.
402340,402340.KS,KOSPI,SKSQUARE
316140,316140.KS,KOSPI,WooriFinancialGroup
009540,009540.KS,KOSPI,HDKSOE
088980,088980.KS,KOSPI,MKIF
267250,267250.KS,KOSPI,HD HYUNDAI
180640,180640.KS,KOSPI,HANJINKAL
006260,006260.KS,KOSPI,LS
029780,029780.KS,KOSPI,SAMSUNG CARD
078930,078930.KS,KOSPI,GS
377300,377300.KS,KOSPI,kakaopay
001040,001040.KS,KOSPI,CJ
071050,071050.KS,KOSPI,KIH
000150,000150.KS,KOSPI,DOOSAN
175330,175330.KS,KOSPI,JB Financial Group
004990,004990.KS,KOSPI,LOTTE
138930,138930.KS,KOSPI,BNK Financial Group
008930,008930.KS,KOSPI,Hanmi Science
010060,010060.KS,KOSPI,OCI Holdings
000240,000240.KS,KOSPI,HANKOOK & COMPANY
139130,139130.KS,KOSPI,DGB Financial Group
006040,006040.KS,KOSPI,DongwonInd
004800,004800.KS,KOSPI,Hyosung
009970,009970.KS,KOSPI,YoungoneHoldings
229640,229640.KS,KOSPI,LS Eco Energy
001800,001800.KS,KOSPI,ORION Holdings
003030,003030.KS,KOSPI,SeAH Steel Holdings
192400,192400.KS,KOSPI,CUCKOO
006120,006120.KS,KOSPI,SK Discovery
000640,000640.KS,KOSPI,Donga Socio Holdings
005440,005440.KS,KOSPI,HYUNDAI G.F. HOLDINGS
000070,000070.KS,KOSPI,SAMYANGHOLDINGS
007700,007700.KS,KOSPI,F&F Holdings
383800,383800.KS,KOSPI,LX HOLDINGS
012630,012630.KS,KOSPI,HDC HOLDINGS
026890,026890.KS,KOSPI,STIC Investments
084690,084690.KS,KOSPI,Daesang Holdings
005810,005810.KS,KOSPI,POONGSAN HOLDINGS
094800,094800.KS,KOSPI,MAPSREALTY1
00104K,00104K.KS,KOSPI,CJ(4PC)
123890,123890.KS,KOSPI,KAIT
072710,072710.KS,KOSPI,NongshimHoldings
036530,036530.KS,KOSPI,SNT Holdings
060980,060980.KS,KOSPI,HL Holdings
027410,027410.KS,KOSPI,BGF
024720,024720.KS,KOSPI,KOLMAR HOLDINGS
000155,000155.KS,KOSPI,DOOSAN(1P)
071055,071055.KS,KOSPI,KIH(1P)
001230,001230.KS,KOSPI,DONGKUK HOLDINGS
034830,034830.KS,KOSPI,KOREIT
096760,096760.KS,KOSPI,JW HOLDINGS
007860,007860.KS,KOSPI,SEOYON
008060,008060.KS,KOSPI,DAEDUCK
000140,000140.KS,KOSPI,HITEJINROHOLDINGS
015860,015860.KS,KOSPI,ILJINHOLDINGS
107590,107590.KS,KOSPI,MWH
012320,012320.KS,KOSPI,KYUNGDONG INVEST
002020,002020.KS,KOSPI,KOLON CORP
006840,006840.KS,KOSPI,AK Holdings
003555,003555.KS,KOSPI,LG Corp.(1P)
363280,363280.KS,KOSPI,TYHLD
000320,000320.KS,KOSPI,NorooHoldings
007540,007540.KS,KOSPI,SEMPIO
013570,013570.KS,KOSPI,DY
001045,001045.KS,KOSPI,CJ(1P)
005740,005740.KS,KOSPI,CROWNHAITAI Holdings
004150,004150.KS,KOSPI,HANSOL HOLDINGS
044820,044820.KS,KOSPI,COSMAX bti
03473K,03473K.KS,KOSPI,SK(1P)
244920,244920.KS,KOSPI,A Plus Asset
000590,000590.KS,KOSPI,CSHOLDINGS
000157,000157.KS,KOSPI,DOOSAN(2PB)
078935,078935.KS,KOSPI,GS(1P)
006125,006125.KS,KOSPI,SK Discovery(1P)
006200,006200.KS,KOSPI,KECHOLDINGS
009440,009440.KS,KOSPI,KC Green Holdings
00499K,00499K.KS,KOSPI,LOTTE(1P)
084695,084695.KS,KOSPI,Daesang Holdings(1P)
152550,152550.KS,KOSPI,KIM ANKOR OIL
168490,168490.KS,KOSPI,KIM Parallel OIL
000075,000075.KS,KOSPI,SAMYANGHOLDINGS(1P)
002025,002025.KS,KOSPI,KOLON CORP(1P)
18064K,18064K.KS,KOSPI,HANJINKAL(1P)
38380K,38380K.KS,KOSPI,LX HOLDINGS(1P)
00806K,00806K.KS,KOSPI,DAEDUCK(1P)
000325,000325.KS,KOSPI,NorooHoldings(1P)
005745,005745.KS,KOSPI,CROWNHAITAI Holdings(1P)
36328K,36328K.KS,KOSPI,TYHLD(1P)
000145,000145.KS,KOSPI,HITEJINROHOLDINGS(1P)
003800,003800.KQ,KOSDAQ,AceBed
285490,285490.KQ,KOSDAQ,NOVATECH
317870,317870.KQ,KOSDAQ,ENVIONEER
407400,407400.KQ,KOSDAQ,GGUMBI
073570,073570.KQ,KOSDAQ,Lithium-for-earth
373200,373200.KQ,KOSDAQ,Xplus
369370,369370.KQ,KOSDAQ,Blitzway Studios
327260,327260.KQ,KOSDAQ,RF Materials
376180,376180.KQ,KOSDAQ,Picogram
263920,263920.KQ,KOSDAQ,HuM&C
365900,365900.KQ,KOSDAQ,VC
026040,026040.KQ,KOSDAQ,J.ESTINA
073190,073190.KQ,KOSDAQ,DUOBACK
188260,188260.KQ,KOSDAQ,SANIGEN
054630,054630.KQ,KOSDAQ,ADChips
033780,033780.KS,KOSPI,KT&G
016800,016800.KS,KOSPI,Fursys
241590,241590.KS,KOSPI,H.S.ENTERPRISE
004700,004700.KS,KOSPI,ChokwangLeat
013890,013890.KS,KOSPI,ZINUS
084680,084680.KS,KOSPI,E-WORLD
194370,194370.KS,KOSPI,JS CORP
079430,079430.KS,KOSPI,HYUNDAILIVART
011330,011330.KS,KOSPI,UNI CHEM
002170,002170.KS,KOSPI,SamyangTongsang
111380,111380.KS,KOSPI,DONG IN ENTECH
002450,002450.KS,KOSPI,SamickMusInstr
134790,134790.KS,KOSPI,Sidiz
011090,011090.KS,KOSPI,Enex
071950,071950.KS,KOSPI,KOAS
196170,196170.KQ,KOSDAQ,Alteogen
141080,141080.KQ,KOSDAQ,LCB
036830,036830.KQ,KOSDAQ,Soulbrain Holdings
140410,140410.KQ,KOSDAQ,Mezzion Pharma
418550,418550.KQ,KOSDAQ,JEIO
215200,215200.KQ,KOSDAQ,megastudyEdu
047920,047920.KQ,KOSDAQ,HLBPHARMA
228760,228760.KQ,KOSDAQ,Genomictree
199800,199800.KQ,KOSDAQ,ToolGen
144510,144510.KQ,KOSDAQ,GC CELL
358570,358570.KQ,KOSDAQ,GI Innovation
372320,372320.KQ,KOSDAQ,Curocell
230360,230360.KQ,KOSDAQ,ECHO
034950,034950.KQ,KOSDAQ,KR
453450,453450.KQ,KOSDAQ,Gridwiz
045100,045100.KQ,KOSDAQ,HANYANG ENG
323990,323990.KQ,KOSDAQ,Vaxcell-Bio
215600,215600.KQ,KOSDAQ,SillaJen
457550,457550.KQ,KOSDAQ,WOOJIN Ntec
270520,270520.KQ,KOSDAQ,Geolit Energy
060150,060150.KQ,KOSDAQ,INSUN ENT
397030,397030.KQ,KOSDAQ,AprilBio
080160,080160.KQ,KOSDAQ,MODETOUR
347850,347850.KQ,KOSDAQ,D&D Pharmatech
235980,235980.KQ,KOSDAQ,MedPacto
095700,095700.KQ,KOSDAQ,Genexine
448280,448280.KQ,KOSDAQ,ECOEYE
405100,405100.KQ,KOSDAQ,QRT
268600,268600.KQ,KOSDAQ,Cellivery
203400,203400.KQ,KOSDAQ,ABN
278650,278650.KQ,KOSDAQ,HLBbioStep
226950,226950.KQ,KOSDAQ,OliX
377450,377450.KQ,KOSDAQ,REFINE
038290,038290.KQ,KOSDAQ,Macrogen
096240,096240.KQ,KOSDAQ,Creverse
217330,217330.KQ,KOSDAQ,Cytogen
068930,068930.KQ,KOSDAQ,Digital DS
089600,089600.KQ,KOSDAQ,Nasmedia
084990,084990.KQ,KOSDAQ,Helixmith
063570,063570.KQ,KOSDAQ,NICE TCM
083790,083790.KQ,KOSDAQ,CGIC
084650,084650.KQ,KOSDAQ,LabGen
321550,321550.KQ,KOSDAQ,TiumBio
461030,461030.KQ,KOSDAQ,IMBdx
388870,388870.KQ,KOSDAQ,Pharos
950220,950220.KQ,KOSDAQ,NeoImmuneTech
092130,092130.KQ,KOSDAQ,e-Credible
049720,049720.KQ,KOSDAQ,KORYOINFO
032860,032860.KQ,KOSDAQ,The Lamy
090850,090850.KQ,KOSDAQ,HYUNDAI EZWEL
293780,293780.KQ,KOSDAQ,Aptabio
014470,014470.KQ,KOSDAQ,Bubang
067900,067900.KQ,KOSDAQ,Y-ENTEC
038390,038390.KQ,KOSDAQ,RedcapTour
066980,066980.KQ,KOSDAQ,HANSUNG CLEANTECH
348150,348150.KQ,KOSDAQ,KoBioLabs
284620,284620.KQ,KOSDAQ,KAINOSMED
383930,383930.KQ,KOSDAQ,DT&CRO
261780,261780.KQ,KOSDAQ,CHA Vaccine
311690,311690.KQ,KOSDAQ,CJ Bioscience
338840,338840.KQ,KOSDAQ,Y-Biologics
035610,035610.KQ,KOSDAQ,SOLBORN
104620,104620.KQ,KOSDAQ,YBTOUR
236810,236810.KQ,KOSDAQ,NBT
115180,115180.KQ,KOSDAQ,Qurient
408920,408920.KQ,KOSDAQ,Messe eSang
291230,291230.KQ,KOSDAQ,NP
216050,216050.KQ,KOSDAQ,Incross
040420,040420.KQ,KOSDAQ,jls
010470,010470.KQ,KOSDAQ,ORICOM
054800,054800.KQ,KOSDAQ,IDIS Holdings
094850,094850.KQ,KOSDAQ,Very Good Tour
347740,347740.KQ,KOSDAQ,P&K Skin Research Center
389470,389470.KQ,KOSDAQ,IVTG
130580,130580.KQ,KOSDAQ,NICE D&B
054930,054930.KQ,KOSDAQ,Yooshin
365270,365270.KQ,KOSDAQ,the curacle
064850,064850.KQ,KOSDAQ,FnGuide
359090,359090.KQ,KOSDAQ,C&R Research
037440,037440.KQ,KOSDAQ,HEERIM
036120,036120.KQ,KOSDAQ,SCI
086040,086040.KQ,KOSDAQ,Biotoxtech
180400,180400.KQ,KOSDAQ,DXVX
020710,020710.KQ,KOSDAQ,SIGONG TECH
263700,263700.KQ,KOSDAQ,CLS
339950,339950.KQ,KOSDAQ,IBKIMYOUNG
950200,950200.KQ,KOSDAQ,Psomagen
237820,237820.KQ,KOSDAQ,PlayD
142760,142760.KQ,KOSDAQ,MOALife
223250,223250.KQ,KOSDAQ,DreamCIS
046120,046120.KQ,KOSDAQ,Orbitech
185490,185490.KQ,KOSDAQ,Eyegene
363260,363260.KQ,KOSDAQ,Mobidays
039830,039830.KQ,KOSDAQ,AURORA
123570,123570.KQ,KOSDAQ,EMNET
038870,038870.KQ,KOSDAQ,EcoBio Holdings
352770,352770.KQ,KOSDAQ,Clinomics
037350,037350.KQ,KOSDAQ,SUNGDO ENG
168330,168330.KQ,KOSDAQ,NaturalendoTech
072990,072990.KQ,KOSDAQ,HCT
187660,187660.KQ,KOSDAQ,ADM Korea
273060,273060.KQ,KOSDAQ,Wise birds
057030,057030.KQ,KOSDAQ,YBM NET
389030,389030.KQ,KOSDAQ,GENINUS
245620,245620.KQ,KOSDAQ,EDGC
133750,133750.KQ,KOSDAQ,MegaMD
109820,109820.KQ,KOSDAQ,GENEMATRIX
187220,187220.KQ,KOSDAQ,Dt&C
348080,348080.KQ,KOSDAQ,Quratis
169330,169330.KQ,KOSDAQ,Embrain
291650,291650.KQ,KOSDAQ,Aptamer Sciences
127120,127120.KQ,KOSDAQ,DNALINK
221800,221800.KQ,KOSDAQ,U2BIO
362990,362990.KQ,KOSDAQ,DREAMINSIGHT
199730,199730.KQ,KOSDAQ,BioInfra
354200,354200.KQ,KOSDAQ,NGeneBio
299660,299660.KQ,KOSDAQ,Cellid
246250,246250.KQ,KOSDAQ,SLSBio
001000,001000.KQ,KOSDAQ,SillaTextile
050090,050090.KQ,KOSDAQ,BK Holdings
227100,227100.KQ,KOSDAQ,QTON
215380,215380.KQ,KOSDAQ,WOOJUNG BIO
002310,002310.KS,KOSPI,AsiaPaprMfg
213500,213500.KS,KOSPI,HANSOLPAPER
016590,016590.KS,KOSPI,ShindaeyangPapr
027970,027970.KS,KOSPI,Hankuk Paper
009580,009580.KS,KOSPI,Moorim P&P
011280,011280.KS,KOSPI,Tailim Pkg
001020,001020.KS,KOSPI,PaperCorea
014160,014160.KS,KOSPI,DaeyoungPkg
012690,012690.KS,KOSPI,Monalisa
002200,002200.KS,KOSPI,KorExptPkgInd
004540,004540.KS,KOSPI,KleanNara
009200,009200.KS,KOSPI,MOORIM PAPER
006740,006740.KS,KOSPI,YoungpoongPaprMfg
009770,009770.KS,KOSPI,SAMJUNGPULP
025750,025750.KS,KOSPI,HomeDeco
008250,008250.KS,KOSPI,EagonInd
446070,446070.KS,KOSPI,UNID btplus
009460,009460.KS,KOSPI,HanchangPaper
002820,002820.KS,KOSPI,SUN&L
004545,004545.KS,KOSPI,KleanNara(1P)
078130,078130.KQ,KOSDAQ,KUK-IL PAPER
025900,025900.KQ,KOSDAQ,DONGWHA ENTERPRISE
006580,006580.KQ,KOSDAQ,DaeyangPaper
023600,023600.KQ,KOSDAQ,SAMBO CORR
203690,203690.KQ,KOSDAQ,Sphere Power
017650,017650.KQ,KOSDAQ,DaelimPaper
037230,037230.KQ,KOSDAQ,HKPAK
014970,014970.KQ,KOSDAQ,Samryoong
016100,016100.KQ,KOSDAQ,LEADERS COSMETICS
039020,039020.KQ,KOSDAQ,EAGON HOLDINGS
001810,001810.KQ,KOSDAQ,M.S
028300,028300.KQ,KOSDAQ,HLB
068760,068760.KQ,KOSDAQ,Celltrionph
000250,000250.KQ,KOSDAQ,SCD
145020,145020.KQ,KOSDAQ,Hugel
237690,237690.KQ,KOSDAQ,ST Pharm
214450,214450.KQ,KOSDAQ,PharmaResearch
039200,039200.KQ,KOSDAQ,OCT Inc.
214370,214370.KQ,KOSDAQ,Caregen
096530,096530.KQ,KOSDAQ,SEEGENE
298380,298380.KQ,KOSDAQ,ABL Bio
950160,950160.KQ,KOSDAQ,Kolon TissueGene
195940,195940.KQ,KOSDAQ,HK inno.N
086900,086900.KQ,KOSDAQ,MedyTox
067630,067630.KQ,KOSDAQ,HLBLS
085660,085660.KQ,KOSDAQ,CHA Biotech
086450,086450.KQ,KOSDAQ,DongKook Pharm
087010,087010.KQ,KOSDAQ,PEPTRON
310210,310210.KQ,KOSDAQ,VRNI
064550,064550.KQ,KOSDAQ,BIONEER
007390,007390.KQ,KOSDAQ,NATURECELL
340570,340570.KQ,KOSDAQ,T&L
290650,290650.KQ,KOSDAQ,L&C BIO
304360,304360.KQ,KOSDAQ,S.Biomedics
206650,206650.KQ,KOSDAQ,EuBio
200130,200130.KQ,KOSDAQ,KBH
166480,166480.KQ,KOSDAQ,CORESTEMCHEMON
053030,053030.KQ,KOSDAQ,Binex
206640,206640.KQ,KOSDAQ,Boditech
243070,243070.KQ,KOSDAQ,Huons
200670,200670.KQ,KOSDAQ,Humedix
256840,256840.KQ,KOSDAQ,BNC
084110,084110.KQ,KOSDAQ,Huons Global
220100,220100.KQ,KOSDAQ,Futurechem
216080,216080.KQ,KOSDAQ,JETEMA
041960,041960.KQ,KOSDAQ,KOMIPHARM
058820,058820.KQ,KOSDAQ,CMG Pharmaceutical
099430,099430.KQ,KOSDAQ,BioPlus
174900,174900.KQ,KOSDAQ,AbClon
307750,307750.KQ,KOSDAQ,KUKJEON
334970,334970.KQ,KOSDAQ,Prestige Biologics
102940,102940.KQ,KOSDAQ,KLS
950130,950130.KQ,KOSDAQ,Access Bio
086890,086890.KQ,KOSDAQ,ISU ABXIS
205470,205470.KQ,KOSDAQ,HUMASIS
078160,078160.KQ,KOSDAQ,MEDIPOST
032300,032300.KQ,KOSDAQ,KOREA PHARMA
011040,011040.KQ,KOSDAQ,KDPharm
006620,006620.KQ,KOSDAQ,DongKoo Bio & Pharma
048530,048530.KQ,KOSDAQ,iNtRON Bio
036220,036220.KQ,KOSDAQ,OSANG HEALTHCARE
217730,217730.KQ,KOSDAQ,KANGSTEM BIOTECH
067080,067080.KQ,KOSDAQ,DH PHARM
060590,060590.KQ,KOSDAQ,CTC BIO
138610,138610.KQ,KOSDAQ,NIBEC
042520,042520.KQ,KOSDAQ,HANS BIOMED
182400,182400.KQ,KOSDAQ,NKMAX
023910,023910.KQ,KOSDAQ,DaihanPharm
234690,234690.KQ,KOSDAQ,GCWB
183490,183490.KQ,KOSDAQ,ENZYCHEM LSC
082800,082800.KQ,KOSDAQ,VIVOZON PHARMACEUTICAL
106190,106190.KQ,KOSDAQ,HTP
246710,246710.KQ,KOSDAQ,T&R Biofab
086820,086820.KQ,KOSDAQ,"Bio Solution Co.,Ltd."
314130,314130.KQ,KOSDAQ,Genome&Company
191420,191420.KQ,KOSDAQ,Tego
251120,251120.KQ,KOSDAQ,BIO-FD&C
100700,100700.KQ,KOSDAQ,SEWOONMEDICAL
049960,049960.KQ,KOSDAQ,CBT
074430,074430.KQ,KOSDAQ,AMINOLOGICS
078140,078140.KQ,KOSDAQ,Daebongls
066700,066700.KQ,KOSDAQ,THERAGEN ETEX
009300,009300.KQ,KOSDAQ,Sam-A Pharm.
061250,061250.KQ,KOSDAQ,HWAIL PHARM
054670,054670.KQ,KOSDAQ,DHNP
059210,059210.KQ,KOSDAQ,META
072020,072020.KQ,KOSDAQ,CAVAC
330350,330350.KQ,KOSDAQ,Withus Pharm
041910,041910.KQ,KOSDAQ,Polaris AI Pharma
001540,001540.KQ,KOSDAQ,AHN-GOOK PHA
067370,067370.KQ,KOSDAQ,SunBio
131030,131030.KQ,KOSDAQ,OPTUS
153710,153710.KQ,KOSDAQ,Optipharm
200230,200230.KQ,KOSDAQ,TELCON RF PHARM
067290,067290.KQ,KOSDAQ,JW SHINYAK
049180,049180.KQ,KOSDAQ,CELLUMED
187420,187420.KQ,KOSDAQ,GenoFocus
208340,208340.KQ,KOSDAQ,PharmAbcine
012790,012790.KQ,KOSDAQ,Shinil Pharm
142280,142280.KQ,KOSDAQ,GCMS
246720,246720.KQ,KOSDAQ,ASTA
196300,196300.KQ,KOSDAQ,AnyGen
175250,175250.KQ,KOSDAQ,Icure Pharm. Inc.
002800,002800.KQ,KOSDAQ,SINSIN PHARM
225220,225220.KQ,KOSDAQ,GENOLUTION
246960,246960.KQ,KOSDAQ,SCL Science
260660,260660.KQ,KOSDAQ,Arlico
304840,304840.KQ,KOSDAQ,PeopleBio
308080,308080.KQ,KOSDAQ,ViGenCell
263050,263050.KQ,KOSDAQ,Eutilex
314140,314140.KQ,KOSDAQ,RPBO
014570,014570.KQ,KOSDAQ,KOREAN DRUG
007370,007370.KQ,KOSDAQ,JINYANGPHARM
222110,222110.KQ,KOSDAQ,PanGen
298060,298060.KQ,KOSDAQ,SCM
052670,052670.KQ,KOSDAQ,CHEIL BIO
307280,307280.KQ,KOSDAQ,Wonbiogen
288330,288330.KQ,KOSDAQ,BRIDGE BIOTHERAPEUTICS
241820,241820.KQ,KOSDAQ,PCL
200780,200780.KQ,KOSDAQ,BCWORLDPHARM
378800,378800.KQ,KOSDAQ,Shaperon
034940,034940.KQ,KOSDAQ,ChoA Pharm.
080720,080720.KQ,KOSDAQ,UNION KOREA PHARM
036480,036480.KQ,KOSDAQ,DSMBIO
114450,114450.KQ,KOSDAQ,GREEN LIFESCIENCE
229000,229000.KQ,KOSDAQ,Gencurix
053950,053950.KQ,KOSDAQ,KYUNG NAM PHARM
018680,018680.KQ,KOSDAQ,SEOUL PHARMA
018620,018620.KQ,KOSDAQ,WOOGENE B&G
331920,331920.KQ,KOSDAQ,Celemics
179530,179530.KQ,KOSDAQ,ADBIOTECH
244460,244460.KQ,KOSDAQ,Olipass
217270,217270.KQ,KOSDAQ,Neptune
321820,321820.KQ,KOSDAQ,Artist United
065560,065560.KQ,KOSDAQ,Nokwon C & I
203650,203650.KQ,KOSDAQ,Dream Security
030960,030960.KQ,KOSDAQ,Yangjisa
950190,950190.KQ,KOSDAQ,GHOSTS
072870,072870.KQ,KOSDAQ,megastudy
226330,226330.KQ,KOSDAQ,SyntekaBio
336060,336060.KQ,KOSDAQ,Wavus
063440,063440.KQ,KOSDAQ,SM Life Design
950110,950110.KQ,KOSDAQ,SBI FinTech Solutions
053290,053290.KQ,KOSDAQ,NE Neungyule
050960,050960.KQ,KOSDAQ,SOOSAN INT
242040,242040.KQ,KOSDAQ,NAMU TECH
214270,214270.KQ,KOSDAQ,FSN
197140,197140.KQ,KOSDAQ,DigiCAP
065370,065370.KQ,KOSDAQ,WISE iTech
289010,289010.KQ,KOSDAQ,i-Scream Edu
036000,036000.KQ,KOSDAQ,YeaRimDang
208640,208640.KQ,KOSDAQ,Thumbage
208350,208350.KQ,KOSDAQ,JS.
258790,258790.KQ,KOSDAQ,SOFTCAMP
035290,035290.KQ,KOSDAQ,Gold&S
134060,134060.KQ,KOSDAQ,e-future
230980,230980.KQ,KOSDAQ,B.U Tech
035900,035900.KQ,KOSDAQ,JYP Ent.
041510,041510.KQ,KOSDAQ,SME
034230,034230.KQ,KOSDAQ,Paradise
253450,253450.KQ,KOSDAQ,Studio Dragon
122870,122870.KQ,KOSDAQ,YG Entertainment
299900,299900.KQ,KOSDAQ,WYSIWYG STUDIOS
086980,086980.KQ,KOSDAQ,SHOWBOX
182360,182360.KQ,KOSDAQ,CUBEENT
289220,289220.KQ,KOSDAQ,GIANTSTEP
206560,206560.KQ,KOSDAQ,Dexter studios
200350,200350.KQ,KOSDAQ,RMRI
047820,047820.KQ,KOSDAQ,CHOROKBAEM MEDIA
310200,310200.KQ,KOSDAQ,ANIPLUS
054780,054780.KQ,KOSDAQ,KEYEAST
111710,111710.KQ,KOSDAQ,Namhwa Industrial
361570,361570.KQ,KOSDAQ,RBW
241840,241840.KQ,KOSDAQ,ASTORY
419530,419530.KQ,KOSDAQ,SAMG ENTERTAINMENT
160550,160550.KQ,KOSDAQ,NEW
068050,068050.KQ,KOSDAQ,PAN ENTERTAINMENT
046390,046390.KQ,KOSDAQ,SAMHWA NWS
322780,322780.KQ,KOSDAQ,COPUS KOREA
173940,173940.KQ,KOSDAQ,FNC Ent.
032800,032800.KQ,KOSDAQ,Fantagio
210120,210120.KQ,KOSDAQ,Victents
035620,035620.KQ,KOSDAQ,Barunson E&A
317530,317530.KQ,KOSDAQ,CARRIESOFT
078860,078860.KQ,KOSDAQ,IOK
204630,204630.KQ,KOSDAQ,STUDIO SANTA CLAUS
006800,006800.KS,KOSPI,MIRAE ASSET SEC
005940,005940.KS,KOSPI,NHIS
016360,016360.KS,KOSPI,SamsungSecu
039490,039490.KS,KOSPI,KIWOOM
001720,001720.KS,KOSPI,ShinyoungSecu
003540,003540.KS,KOSPI,DaishinSecu
003530,003530.KS,KOSPI,H.I.S.C
030610,030610.KS,KOSPI,KYOBOSECURITIES
003470,003470.KS,KOSPI,Yuanta Securities
00680K,00680K.KS,KOSPI,MIRAE ASSET SEC(2PB)
001200,001200.KS,KOSPI,EUGENEIS
003545,003545.KS,KOSPI,DaishinSecu(1P)
001500,001500.KS,KOSPI,HMSEC
001510,001510.KS,KOSPI,SKSecu
001270,001270.KS,KOSPI,BookookSecu
005945,005945.KS,KOSPI,NHIS(1P)
030210,030210.KS,KOSPI,Daol SEC
016610,016610.KS,KOSPI,DBFI
001750,001750.KS,KOSPI,HanyangSecu
003547,003547.KS,KOSPI,DAISHINSECU(2PB)
003460,003460.KS,KOSPI,YuhwaSecu
001290,001290.KS,KOSPI,SANGSANGININV&SEC
001275,001275.KS,KOSPI,BookookSecu(1P)
006805,006805.KS,KOSPI,MIRAE ASSET SEC(1P)
003465,003465.KS,KOSPI,YuhwaSecu(1P)
003475,003475.KS,KOSPI,Yuanta Securities(1P)
003535,003535.KS,KOSPI,H.I.S.C(1P)
001515,001515.KS,KOSPI,SKSecu(1P)
001755,001755.KS,KOSPI,HanyangSecu(1P)
058470,058470.KQ,KOSDAQ,LEENO
403870,403870.KQ,KOSDAQ,HPSP
039030,039030.KQ,KOSDAQ,EO Technics
005290,005290.KQ,KOSDAQ,DONGJIN
240810,240810.KQ,KOSDAQ,WONIK IPS
031980,031980.KQ,KOSDAQ,PSK HOLDINGS
036930,036930.KQ,KOSDAQ,JEL
232140,232140.KQ,KOSDAQ,YCC
064760,064760.KQ,KOSDAQ,TCK
089030,089030.KQ,KOSDAQ,Techwing
095340,095340.KQ,KOSDAQ,ISC
084370,084370.KQ,KOSDAQ,Eugenetech
166090,166090.KQ,KOSDAQ,Hana Materials
067310,067310.KQ,KOSDAQ,Hana Micron
222800,222800.KQ,KOSDAQ,SIMMTECH
317330,317330.KQ,KOSDAQ,Duksan Techopia
440110,440110.KQ,KOSDAQ,FADU
213420,213420.KQ,KOSDAQ,DUK SAN NEOLUX
319660,319660.KQ,KOSDAQ,PSK
399720,399720.KQ,KOSDAQ,GAONCHIPS
183300,183300.KQ,KOSDAQ,KoMiCo
036540,036540.KQ,KOSDAQ,SFASemicon
101490,101490.KQ,KOSDAQ,S&S TECH
036810,036810.KQ,KOSDAQ,FINE SEMITECH
080220,080220.KQ,KOSDAQ,JSC
348210,348210.KQ,KOSDAQ,NEXTIN
420770,420770.KQ,KOSDAQ,GigaVis
131970,131970.KQ,KOSDAQ,DOOSAN TESNA
171090,171090.KQ,KOSDAQ,SUNIC SYSTEM
131290,131290.KQ,KOSDAQ,TSE
059090,059090.KQ,KOSDAQ,MiCo
046890,046890.KQ,KOSDAQ,SSC
084850,084850.KQ,KOSDAQ,ITM Semiconductor
039440,039440.KQ,KOSDAQ,STI
445090,445090.KQ,KOSDAQ,ASICLAND
253590,253590.KQ,KOSDAQ,Neosem
095610,095610.KQ,KOSDAQ,TES
094360,094360.KQ,KOSDAQ,C&M
104830,104830.KQ,KOSDAQ,WIMCO
252990,252990.KQ,KOSDAQ,SEMCNS
265520,265520.KQ,KOSDAQ,AP Systems
083450,083450.KQ,KOSDAQ,GST
122640,122640.KQ,KOSDAQ,YEST
200710,200710.KQ,KOSDAQ,ADTechnology
033640,033640.KQ,KOSDAQ,NEPES
078350,078350.KQ,KOSDAQ,HANYANG DIGI
101160,101160.KQ,KOSDAQ,Worldex
094170,094170.KQ,KOSDAQ,DONGWOON ANATECH
425040,425040.KQ,KOSDAQ,TEMC
053610,053610.KQ,KOSDAQ,PROTEC
425420,425420.KQ,KOSDAQ,TFE
330860,330860.KQ,KOSDAQ,Nepes Ark
036200,036200.KQ,KOSDAQ,UNISEM
054450,054450.KQ,KOSDAQ,Telechips
123860,123860.KQ,KOSDAQ,ANAPASS
064290,064290.KQ,KOSDAQ,INTEKPLUS
086390,086390.KQ,KOSDAQ,UniTest
089890,089890.KQ,KOSDAQ,KOSES
083310,083310.KQ,KOSDAQ,LOT Vacuum
061970,061970.KQ,KOSDAQ,LB SEMICON
112290,112290.KQ,KOSDAQ,YCCHEM
200470,200470.KQ,KOSDAQ,APACT
033160,033160.KQ,KOSDAQ,MKElectron
396270,396270.KQ,KOSDAQ,NEXTCHIP
102120,102120.KQ,KOSDAQ,ABOV
146320,146320.KQ,KOSDAQ,BCNC
160980,160980.KQ,KOSDAQ,CYMECHS
122990,122990.KQ,KOSDAQ,WiSoL
432720,432720.KQ,KOSDAQ,QUALITAS
093640,093640.KQ,KOSDAQ,KRM
024850,024850.KQ,KOSDAQ,HLB innoVation
071280,071280.KQ,KOSDAQ,RORZE
452430,452430.KQ,KOSDAQ,SAPIEN
092870,092870.KQ,KOSDAQ,EXICON
219130,219130.KQ,KOSDAQ,TigerElec
396470,396470.KQ,KOSDAQ,WOT
445180,445180.KQ,KOSDAQ,Purit
272110,272110.KQ,KOSDAQ,KnJ
365590,365590.KQ,KOSDAQ,HiDeep
172670,172670.KQ,KOSDAQ,ALT
456010,456010.KQ,KOSDAQ,ICTK
418420,418420.KQ,KOSDAQ,RAONTECH
119830,119830.KQ,KOSDAQ,ITEK
040910,040910.KQ,KOSDAQ,ICD
376190,376190.KQ,KOSDAQ,LB Lusem
170920,170920.KQ,KOSDAQ,LTC
264660,264660.KQ,KOSDAQ,C&G Hitech
097800,097800.KQ,KOSDAQ,Winpac
417500,417500.KQ,KOSDAQ,JI-Tech
090470,090470.KQ,KOSDAQ,JASTECH
033170,033170.KQ,KOSDAQ,Signetics
080580,080580.KQ,KOSDAQ,OKins
446540,446540.KQ,KOSDAQ,Megatouch
256940,256940.KQ,KOSDAQ,KPS
187870,187870.KQ,KOSDAQ,Device ENG
241790,241790.KQ,KOSDAQ,TEMC CNS
355150,355150.KQ,KOSDAQ,KOSTECSYS
217190,217190.KQ,KOSDAQ,Genesem
059120,059120.KQ,KOSDAQ,AJINEXTEK
232680,232680.KQ,KOSDAQ,RAONTEC
141000,141000.KQ,KOSDAQ,Viatron
241770,241770.KQ,KOSDAQ,MECARO
127980,127980.KQ,KOSDAQ,Finecircuit
038880,038880.KQ,KOSDAQ,iA
271830,271830.KQ,KOSDAQ,PAMTEK
417840,417840.KQ,KOSDAQ,Justem
066310,066310.KQ,KOSDAQ,QSI
412350,412350.KQ,KOSDAQ,Laserssel
424980,424980.KQ,KOSDAQ,MICRO2NANO
064520,064520.KQ,KOSDAQ,TechL
089790,089790.KQ,KOSDAQ,JT Corp.
087600,087600.KQ,KOSDAQ,Pixelplus
098120,098120.KQ,KOSDAQ,MCS
171010,171010.KQ,KOSDAQ,RAM TECH
052900,052900.KQ,KOSDAQ,KX HITECH
238490,238490.KQ,KOSDAQ,HIMS
038060,038060.KQ,KOSDAQ,LUMENS
088280,088280.KQ,KOSDAQ,SAWNICS
089530,089530.KQ,KOSDAQ,AT semicon
062860,062860.KQ,KOSDAQ,TLi
036170,036170.KQ,KOSDAQ,Cloud Air
303030,303030.KQ,KOSDAQ,"Zinitix Co.,Ltd."
032580,032580.KQ,KOSDAQ,Fidelix
153490,153490.KQ,KOSDAQ,WOOREE E&L
096610,096610.KQ,KOSDAQ,RFsemi
080520,080520.KQ,KOSDAQ,ODTech
429270,429270.KQ,KOSDAQ,Sigetronics
115610,115610.KQ,KOSDAQ,IMAGIS
052860,052860.KQ,KOSDAQ,I&C
072950,072950.KQ,KOSDAQ,VISSEM
143540,143540.KQ,KOSDAQ,YWDSP
117670,117670.KQ,KOSDAQ,Alpha Holdings
092600,092600.KQ,KOSDAQ,NC&
159910,159910.KQ,KOSDAQ,Skin&Skin
045300,045300.KQ,KOSDAQ,SUNGWOOTECH
177350,177350.KQ,KOSDAQ,Vessel
123010,123010.KQ,KOSDAQ,iWIN PLUS
101400,101400.KQ,KOSDAQ,N CITRON
063760,063760.KQ,KOSDAQ,ELP
224060,224060.KQ,KOSDAQ,THE CODI
043590,043590.KQ,KOSDAQ,WELKEEPS HITECH
214310,214310.KQ,KOSDAQ,SL Energy
096870,096870.KQ,KOSDAQ,LDT
035420,035420.KS,KOSPI,NAVER
035720,035720.KS,KOSPI,Kakao
259960,259960.KS,KOSPI,KRAFTON
018260,018260.KS,KOSPI,SAMSUNG SDS
352820,352820.KS,KOSPI,HYBE
443060,443060.KS,KOSPI,HDHMS
022100,022100.KS,KOSPI,POSCO DX
326030,326030.KS,KOSPI,SKBP
251270,251270.KS,KOSPI,Netmarble
028050,028050.KS,KOSPI,SamsungE&A
307950,307950.KS,KOSPI,HyundaiAutoever
021240,021240.KS,KOSPI,COWAY
036570,036570.KS,KOSPI,NCsoft
035250,035250.KS,KOSPI,Kangwonland
052690,052690.KS,KOSPI,KEPCO E&C
012750,012750.KS,KOSPI,S-1
030000,030000.KS,KOSPI,CheilWorldwide
012510,012510.KS,KOSPI,DOUZONE BIZON
395400,395400.KS,KOSPI,SK REIT
089860,089860.KS,KOSPI,LOTTE rental
365550,365550.KS,KOSPI,ESRKSREIT
039130,039130.KS,KOSPI,HANATOUR SERVICE
192080,192080.KS,KOSPI,DoubleUGames
214320,214320.KS,KOSPI,INNOCEAN
114090,114090.KS,KOSPI,GKL
023590,023590.KS,KOSPI,DaouTech
348950,348950.KS,KOSPI,JR GLOBAL REIT
330590,330590.KS,KOSPI,LOTTE REIT
032350,032350.KS,KOSPI,LOTTE TOUR
181710,181710.KS,KOSPI,NHN
079160,079160.KS,KOSPI,CJ CGV
005250,005250.KS,KOSPI,GCH Corp
030190,030190.KS,KOSPI,NICE INFO
403550,403550.KS,KOSPI,SOCAR
950210,950210.KS,KOSPI,PRESTIGE BIOPHARMA
293940,293940.KS,KOSPI,Shinhan Alpha REIT
002030,002030.KS,KOSPI,ASIA HOLDINGS
284740,284740.KS,KOSPI,CUCKOO HOMESYS
432320,432320.KS,KOSPI,KB STAR REIT
130660,130660.KS,KOSPI,KEPID
286940,286940.KS,KOSPI,LOTTE INNOVATE
034310,034310.KS,KOSPI,NICE
357120,357120.KS,KOSPI,KLI REIT
448730,448730.KS,KOSPI,SamsungFN REIT
034120,034120.KS,KOSPI,SBS
451800,451800.KS,KOSPI,Hanwha REIT
088260,088260.KS,KOSPI,E KOCREF
015360,015360.KS,KOSPI,Yesco Holdings
012030,012030.KS,KOSPI,DB
002150,002150.KS,KOSPI,DOHWA ENGINEERING
334890,334890.KS,KOSPI,IGIS Value REIT
053210,053210.KS,KOSPI,KT Skylife
095720,095720.KS,KOSPI,WOONGJIN THINKBIG
404990,404990.KS,KOSPI,SHSBREIT
037560,037560.KS,KOSPI,LG HelloVision
036420,036420.KS,KOSPI,ContentreeJoongAng
377190,377190.KS,KOSPI,D&D platform REIT
102260,102260.KS,KOSPI,DONGSUNG CHEMICAL
037270,037270.KS,KOSPI,YGP
210980,210980.KS,KOSPI,SKD&D
095570,095570.KS,KOSPI,AJ Networks
019680,019680.KS,KOSPI,DAEKYO
417310,417310.KS,KOSPI,KORAMCO THE ONE REIT
267850,267850.KS,KOSPI,AsianaIDT
020120,020120.KS,KOSPI,KidariStudio
068290,068290.KS,KOSPI,SAMSUNG PUBLISHING
035510,035510.KS,KOSPI,SHINSEGAE I&C
053690,053690.KS,KOSPI,HanmiGlobal
317400,317400.KS,KOSPI,XI SND
070960,070960.KS,KOSPI,MYP
031440,031440.KS,KOSPI,SF
002620,002620.KS,KOSPI,JEIL PHARMA HOLDINGS
400760,400760.KS,KOSPI,NHALLONEREIT
094280,094280.KS,KOSPI,HYOSUNG ITX
000700,000700.KS,KOSPI,EUSU HOLDINGS
016710,016710.KS,KOSPI,DAESUNG HOLDINGS
058850,058850.KS,KOSPI,KTcs
000180,000180.KS,KOSPI,SCEHoldings
350520,350520.KS,KOSPI,IGIS RESIDENCE REIT
396690,396690.KS,KOSPI,MIRAEASSETGREIT
012170,012170.KS,KOSPI,Ascendio
035000,035000.KS,KOSPI,HS Ad
078000,078000.KS,KOSPI,TELCOWARE
058860,058860.KS,KOSPI,KTis
016880,016880.KS,KOSPI,WOONGJIN
338100,338100.KS,KOSPI,NH Prime REIT
357250,357250.KS,KOSPI,MAPS REIT 1
031820,031820.KS,KOSPI,Comtec
357430,357430.KS,KOSPI,MASTERN PREMIER REIT
100220,100220.KS,KOSPI,VISANG
003560,003560.KS,KOSPI,IHQ
023350,023350.KS,KOSPI,KECC
011420,011420.KS,KOSPI,GALAXIA SM
145270,145270.KS,KOSPI,KTOPREITs
072130,072130.KS,KOSPI,UANGEL
007120,007120.KS,KOSPI,MiraeING
015020,015020.KS,KOSPI,e-STARCO
019685,019685.KS,KOSPI,DAEKYO(1PB)
204210,204210.KS,KOSPI,STAR REIT
005257,005257.KS,KOSPI,GCH Corp(2PB)
140910,140910.KS,KOSPI,A REIT
328130,328130.KQ,KOSDAQ,Lunit
067160,067160.KQ,KOSDAQ,SOOP
058970,058970.KQ,KOSDAQ,EMRO
053800,053800.KQ,KOSDAQ,AHNLAB
376300,376300.KQ,KOSDAQ,DEARU
030520,030520.KQ,KOSDAQ,HANCOM
215000,215000.KQ,KOSDAQ,GOLFZON
394280,394280.KQ,KOSDAQ,Openedges Technology
108860,108860.KQ,KOSDAQ,SELVAS AI
060250,060250.KQ,KOSDAQ,NHN KCP
041020,041020.KQ,KOSDAQ,Polaris Office
338220,338220.KQ,KOSDAQ,VUNO
443670,443670.KQ,KOSDAQ,SPsoft
298830,298830.KQ,KOSDAQ,Suresoft
108490,108490.KQ,KOSDAQ,ROBOTIS
138580,138580.KQ,KOSDAQ,BusinessOn
035600,035600.KQ,KOSDAQ,KGINICIS
032620,032620.KQ,KOSDAQ,UBCARE
304100,304100.KQ,KOSDAQ,SALTLUX
402030,402030.KQ,KOSDAQ,Konan Technology
047560,047560.KQ,KOSDAQ,ESTsoft
094480,094480.KQ,KOSDAQ,GalaxiaMoneytree
052400,052400.KQ,KOSDAQ,KONA I
322510,322510.KQ,KOSDAQ,JLK
315640,315640.KQ,KOSDAQ,DEEPNOID
046440,046440.KQ,KOSDAQ,KGMBLS
053300,053300.KQ,KOSDAQ,KICA
136540,136540.KQ,KOSDAQ,Wins
393210,393210.KQ,KOSDAQ,TOMATOSYSTEM
214180,214180.KQ,KOSDAQ,Hecto Innovation
205100,205100.KQ,KOSDAQ,XM
294570,294570.KQ,KOSDAQ,coocon
051160,051160.KQ,KOSDAQ,GAEASOFT
072770,072770.KQ,KOSDAQ,Yulho
384470,384470.KQ,KOSDAQ,CLS
411080,411080.KQ,KOSDAQ,SANDS LAB
234340,234340.KQ,KOSDAQ,Hecto Financial
086960,086960.KQ,KOSDAQ,MDS Tech
089850,089850.KQ,KOSDAQ,UBIVELOX
418620,418620.KQ,KOSDAQ,E8IGHT
356680,356680.KQ,KOSDAQ,AXGATE
443250,443250.KQ,KOSDAQ,Revu
042510,042510.KQ,KOSDAQ,RaonSecure
173130,173130.KQ,KOSDAQ,OPASNET
071200,071200.KQ,KOSDAQ,INFINITT Healthcare
391710,391710.KQ,KOSDAQ,Kornic Automation
099750,099750.KQ,KOSDAQ,ezCaretech
250060,250060.KQ,KOSDAQ,Mobiis
032850,032850.KQ,KOSDAQ,BITComputer
234300,234300.KQ,KOSDAQ,STraffic
377480,377480.KQ,KOSDAQ,MAUM.AI
140430,140430.KQ,KOSDAQ,CATIS
450520,450520.KQ,KOSDAQ,Inswave Systems
263860,263860.KQ,KOSDAQ,GENIANS
087260,087260.KQ,KOSDAQ,MA
158430,158430.KQ,KOSDAQ,ATON
054920,054920.KQ,KOSDAQ,Hancom WITH
352910,352910.KQ,KOSDAQ,Obigo
053980,053980.KQ,KOSDAQ,OSANGJAIEL
192250,192250.KQ,KOSDAQ,Ksign
355390,355390.KQ,KOSDAQ,CWORKS
322180,322180.KQ,KOSDAQ,THiRA-UTECH
430690,430690.KQ,KOSDAQ,Hanssak
219420,219420.KQ,KOSDAQ,Linkgenesis
377030,377030.KQ,KOSDAQ,MAXST
288980,288980.KQ,KOSDAQ,MOADATA
041460,041460.KQ,KOSDAQ,Crosscert
290090,290090.KQ,KOSDAQ,TWIM
150900,150900.KQ,KOSDAQ,FASOO
220180,220180.KQ,KOSDAQ,HANDYSOFT
163730,163730.KQ,KOSDAQ,FINGER
060850,060850.KQ,KOSDAQ,YoungLimWon
100030,100030.KQ,KOSDAQ,Inzisoft
301300,301300.KQ,KOSDAQ,VAIV company
413640,413640.KQ,KOSDAQ,MTX
189690,189690.KQ,KOSDAQ,FORCS
303530,303530.KQ,KOSDAQ,INNODEP
053350,053350.KQ,KOSDAQ,INITECH
440320,440320.KQ,KOSDAQ,Openknowl
434480,434480.KQ,KOSDAQ,MONITORAPP
189330,189330.KQ,KOSDAQ,XIIlab
419120,419120.KQ,KOSDAQ,Sandoll
376980,376980.KQ,KOSDAQ,Wanted Lab
139670,139670.KQ,KOSDAQ,KineMaster
067920,067920.KQ,KOSDAQ,IGLOO
279600,279600.KQ,KOSDAQ,MediaZen
307870,307870.KQ,KOSDAQ,B2En
438700,438700.KQ,KOSDAQ,VIRNECT
099390,099390.KQ,KOSDAQ,Brainzcompany
367000,367000.KQ,KOSDAQ,Plateer
373170,373170.KQ,KOSDAQ,MICUBE
340810,340810.KQ,KOSDAQ,CUBOX
262840,262840.KQ,KOSDAQ,IQUEST
418250,418250.KQ,KOSDAQ,SecuLetter
417860,417860.KQ,KOSDAQ,OBZEN
069410,069410.KQ,KOSDAQ,nTels
153460,153460.KQ,KOSDAQ,NABLE
045340,045340.KQ,KOSDAQ,TSB
356890,356890.KQ,KOSDAQ,CyberOne
347860,347860.KQ,KOSDAQ,Alchera
148780,148780.KQ,KOSDAQ,BECU AI
065440,065440.KQ,KOSDAQ,ELUON
208860,208860.KQ,KOSDAQ,EnGIS Technologies
357880,357880.KQ,KOSDAQ,Bitnine
040160,040160.KQ,KOSDAQ,NuriFlex
131090,131090.KQ,KOSDAQ,SECUVE
296640,296640.KQ,KOSDAQ,INNORULES
184230,184230.KQ,KOSDAQ,SGA Solutions
290270,290270.KQ,KOSDAQ,HUNESION
039310,039310.KQ,KOSDAQ,SEJOONG
290560,290560.KQ,KOSDAQ,SINSIWAY
291810,291810.KQ,KOSDAQ,Pintel
333050,333050.KQ,KOSDAQ,MOCOMSYS
372800,372800.KQ,KOSDAQ,ITEYES
094860,094860.KQ,KOSDAQ,NEORIGIN
070300,070300.KQ,KOSDAQ,Xcure
347700,347700.KQ,KOSDAQ,LSCORP
049470,049470.KQ,KOSDAQ,SGA
232830,232830.KQ,KOSDAQ,SECUCEN
085810,085810.KQ,KOSDAQ,Alticast
275630,275630.KQ,KOSDAQ,SSR
079970,079970.KQ,KOSDAQ,TOBESOFT
084440,084440.KQ,KOSDAQ,UBION
051980,051980.KQ,KOSDAQ,JOONGANG AM
032500,032500.KQ,KOSDAQ,KMW
099320,099320.KQ,KOSDAQ,SI
389020,389020.KQ,KOSDAQ,Zaram Technology
050890,050890.KQ,KOSDAQ,Solid
029480,029480.KQ,KOSDAQ,Kwangmu
121800,121800.KQ,KOSDAQ,Vidente
211270,211270.KQ,KOSDAQ,APSI
230240,230240.KQ,KOSDAQ,HFR
143160,143160.KQ,KOSDAQ,IDIS
073490,073490.KQ,KOSDAQ,Innowireless
175140,175140.KQ,KOSDAQ,HUMAN TECHNOLOGY
264450,264450.KQ,KOSDAQ,Ubiquoss
091440,091440.KQ,KOSDAQ,Hanwool MS
084730,084730.KQ,KOSDAQ,Thinkware
037460,037460.KQ,KOSDAQ,SAMJI ELECT
039560,039560.KQ,KOSDAQ,DASANNetwork
061040,061040.KQ,KOSDAQ,RFTECH
088800,088800.KQ,KOSDAQ,Ace Technologies
361390,361390.KQ,KOSDAQ,Genohco
138080,138080.KQ,KOSDAQ,OE Solutions
069540,069540.KQ,KOSDAQ,LIGHTRON
340360,340360.KQ,KOSDAQ,Davolink
388790,388790.KQ,KOSDAQ,LiComm
115160,115160.KQ,KOSDAQ,HUMAX
078890,078890.KQ,KOSDAQ,KAON Group
015710,015710.KQ,KOSDAQ,KOCOM
170790,170790.KQ,KOSDAQ,Piolink
115440,115440.KQ,KOSDAQ,WooriNet
031310,031310.KQ,KOSDAQ,EYESVISION
049080,049080.KQ,KOSDAQ,GIGALANE
039010,039010.KQ,KOSDAQ,HYUNDAI HT
099520,099520.KQ,KOSDAQ,ITX-AI
056360,056360.KQ,KOSDAQ,COWEAVER
060540,060540.KQ,KOSDAQ,SAT
109080,109080.KQ,KOSDAQ,OPTICIS
036690,036690.KQ,KOSDAQ,COMMAX
046310,046310.KQ,KOSDAQ,BG T&A
297570,297570.KQ,KOSDAQ,ALOYS
038950,038950.KQ,KOSDAQ,FINEDIGITAL
380540,380540.KQ,KOSDAQ,Opticore
083640,083640.KQ,KOSDAQ,INCON
065570,065570.KQ,KOSDAQ,Samyung ENC
035460,035460.KQ,KOSDAQ,KisanTelecom
079190,079190.KQ,KOSDAQ,KESPION
215790,215790.KQ,KOSDAQ,INNO INSTRUMENT
065770,065770.KQ,KOSDAQ,CS
192410,192410.KQ,KOSDAQ,Hyulimnetworks
073540,073540.KQ,KOSDAQ,FRTEK
174880,174880.KQ,KOSDAQ,JangWon
025770,025770.KQ,KOSDAQ,KICC
451760,451760.KQ,KOSDAQ,CONTEC
036800,036800.KQ,KOSDAQ,NICEI&T
036630,036630.KQ,KOSDAQ,SEJONG TELECOM
065530,065530.KQ,KOSDAQ,Wiable
066410,066410.KQ,KOSDAQ,BUCKET STUDIO
039290,039290.KQ,KOSDAQ,InfoBank
115310,115310.KQ,KOSDAQ,INFOvine
039420,039420.KQ,KOSDAQ,KL-Net
052600,052600.KQ,KOSDAQ,HANNET
383220,383220.KS,KOSPI,F&F
105630,105630.KS,KOSPI,Hansae
093050,093050.KS,KOSPI,LF
020000,020000.KS,KOSPI,Handsome
001460,001460.KS,KOSPI,BYC
003200,003200.KS,KOSPI,IlshinSpng
016450,016450.KS,KOSPI,HansaeYes24Holdings
009270,009270.KS,KOSPI,Shinwon
003610,003610.KS,KOSPI,Pangrim
011300,011300.KS,KOSPI,SEONG AN Materials
007980,007980.KS,KOSPI,TP
016090,016090.KS,KOSPI,Daehyun
005800,005800.KS,KOSPI,ShinyoungWacoal
102280,102280.KS,KOSPI,SBW
111110,111110.KS,KOSPI,Hojeon
014990,014990.KS,KOSPI,In the F
090370,090370.KS,KOSPI,METALABS
005820,005820.KS,KOSPI,Wonlim
093240,093240.KS,KOSPI,HYUNGJI ELITE
000950,000950.KS,KOSPI,Chonbang
001070,001070.KS,KOSPI,TaihanTextl
001465,001465.KS,KOSPI,BYC(1P)
084870,084870.KS,KOSPI,TBH GLOBAL
002070,002070.KS,KOSPI,VIVIEN
008500,008500.KS,KOSPI,IljeongInd
033340,033340.KQ,KOSDAQ,GOODPEOPLE
298540,298540.KQ,KOSDAQ,"TNH CO., LTD"
145170,145170.KQ,KOSDAQ,Nobland
472850,472850.KQ,KOSDAQ,POND GROUP
110790,110790.KQ,KOSDAQ,CreaS F&C
366030,366030.KQ,KOSDAQ,09WOMEN
109670,109670.KQ,KOSDAQ,C-SITE
352700,352700.KQ,KOSDAQ,CNTUS
065950,065950.KQ,KOSDAQ,Welcron
306040,306040.KQ,KOSDAQ,SJG
204020,204020.KQ,KOSDAQ,GRITEE
047770,047770.KQ,KOSDAQ,Codes Combine
267790,267790.KQ,KOSDAQ,BARREL
083550,083550.KQ,KOSDAQ,KM
065060,065060.KQ,KOSDAQ,GNCO
318160,318160.KQ,KOSDAQ,Cell Bio Human Tech
130500,130500.KQ,KOSDAQ,GH Advanced Materials
032080,032080.KQ,KOSDAQ,AZTECHWB
225590,225590.KQ,KOSDAQ,Fashion Platform
008290,008290.KQ,KOSDAQ,WPMulsan
098660,098660.KQ,KOSDAQ,STO
011080,011080.KQ,KOSDAQ,HYUNGJI I&C
323230,323230.KQ,KOSDAQ,MFM KOREA
011200,011200.KS,KOSPI,HMM
003490,003490.KS,KOSPI,KAL
086280,086280.KS,KOSPI,HYUNDAIGLOVIS
000120,000120.KS,KOSPI,CJ LOGISTICS
028670,028670.KS,KOSPI,PanOcean
089590,089590.KS,KOSPI,JEJUAIR
020560,020560.KS,KOSPI,Asiana Airlines
005880,005880.KS,KOSPI,KorLine
272450,272450.KS,KOSPI,JIN AIR
091810,091810.KS,KOSPI,TWAYAIR
003280,003280.KS,KOSPI,HeungaShipping
298690,298690.KS,KOSPI,AirBusan
002320,002320.KS,KOSPI,HanjinTrnspt
004360,004360.KS,KOSPI,SEBANG
005430,005430.KS,KOSPI,KorApoSvc
044450,044450.KS,KOSPI,KSS LINE
004140,004140.KS,KOSPI,DongbangTrnspt&Log
009070,009070.KS,KOSPI,KCTC
009180,009180.KS,KOSPI,Hansol Logistics
465770,465770.KS,KOSPI,STX Green Logis
129260,129260.KS,KOSPI,INTERGIS
000650,000650.KS,KOSPI,ChunilExp
014130,014130.KS,KOSPI,HanExpress
001140,001140.KS,KOSPI,KUKBO
084670,084670.KS,KOSPI,DONGYANG EXPRESS
004365,004365.KS,KOSPI,SEBANG(1P)
003495,003495.KS,KOSPI,KAL(1P)
005380,005380.KS,KOSPI,HyundaiMtr
000270,000270.KS,KOSPI,KIA CORP.
012330,012330.KS,KOSPI,Mobis
329180,329180.KS,KOSPI,HD HYUNDAI HEAVY INDUSTRIES
012450,012450.KS,KOSPI,HANWHA AEROSPACE
042660,042660.KS,KOSPI,Hanwha Ocean
010140,010140.KS,KOSPI,SamsungHvyInd
005387,005387.KS,KOSPI,HyundaiMtr(2PB)
047810,047810.KS,KOSPI,KOREA AEROSPACE
064350,064350.KS,KOSPI,HYUNDAI ROTEM
005385,005385.KS,KOSPI,HyundaiMtr(1P)
010620,010620.KS,KOSPI,HD HYUNDAI MIPO
204320,204320.KS,KOSPI,HL MANDO
005850,005850.KS,KOSPI,SLCORP
011210,011210.KS,KOSPI,HYUNDAI WIA
003620,003620.KS,KOSPI,KG Mobility
271940,271940.KS,KOSPI,ILJIN HYSOLUS
009900,009900.KS,KOSPI,MS IND
064960,064960.KS,KOSPI,SNT MOTIV
003570,003570.KS,KOSPI,SNT DYNAMICS
200880,200880.KS,KOSPI,SEOYONEHWA
075580,075580.KS,KOSPI,SEJIN HEAVY
010690,010690.KS,KOSPI,Hwashin
005389,005389.KS,KOSPI,HyundaiMtr(3PB)
000430,000430.KS,KOSPI,DaewonKangup
009680,009680.KS,KOSPI,MT
092200,092200.KS,KOSPI,DIC
015230,015230.KS,KOSPI,DaechangForging
033530,033530.KS,KOSPI,SJG SEJONG
010580,010580.KS,KOSPI,SM BEXEL
024900,024900.KS,KOSPI,DuckYangInd
010100,010100.KS,KOSPI,KOREA MOVENEX
214330,214330.KS,KOSPI,KUMHO HT
016740,016740.KS,KOSPI,DUAL
023800,023800.KS,KOSPI,Inzi
023000,023000.KS,KOSPI,SAMWONSTEEL
004100,004100.KS,KOSPI,TaeyangMtl
006660,006660.KS,KOSPI,SamsungClimateContro
013520,013520.KS,KOSPI,HS Corp
018500,018500.KS,KOSPI,DONGWON METAL
021820,021820.KS,KOSPI,SewonPrecsnInd
001380,001380.KS,KOSPI,SG GLOBAL
013870,013870.KS,KOSPI,GMB Korea
041650,041650.KS,KOSPI,SANGSIN
023810,023810.KS,KOSPI,INFAC
308170,308170.KS,KOSPI,CTR Mobility
075180,075180.KS,KOSPI,SAC
378850,378850.KS,KOSPI,HS R&A
001620,001620.KS,KOSPI,KBIDK
092780,092780.KS,KOSPI,DONGYANG PISTON
002920,002920.KS,KOSPI,YoosungEnt
090080,090080.KS,KOSPI,PHC
009320,009320.KS,KOSPI,DAEWOOELECCOMPONENTS
002880,002880.KS,KOSPI,DAYOU A-TECH
143210,143210.KS,KOSPI,HANDS CORPORATION
033250,033250.KS,KOSPI,CHASYS
123700,123700.KS,KOSPI,SJM
012280,012280.KS,KOSPI,YeonghwaMtl
010770,010770.KS,KOSPI,PHHC
000040,000040.KS,KOSPI,KR MOTORS
005030,005030.KS,KOSPI,PusanCstIron
001420,001420.KS,KOSPI,TaewonMulsan
004105,004105.KS,KOSPI,TaeyangMtl(1P)
124560,124560.KQ,KOSDAQ,Taewoong Logistics
003100,003100.KQ,KOSDAQ,SUN KWANG
024800,024800.KQ,KOSDAQ,YOOSUNG T&S
040610,040610.KQ,KOSDAQ,SG&G
032280,032280.KQ,KOSDAQ,SamIl
015750,015750.KQ,KOSDAQ,SW HITECH
460930,460930.KQ,KOSDAQ,HYUNDAI HYMS
416180,416180.KQ,KOSDAQ,Shinsung ST
118990,118990.KQ,KOSDAQ,MOTREX
437730,437730.KQ,KOSDAQ,SAMHYUN
043370,043370.KQ,KOSDAQ,PHA
088390,088390.KQ,KOSDAQ,INNOX
123040,123040.KQ,KOSDAQ,"MS AUTOTECH CO., LTD"
038110,038110.KQ,KOSDAQ,ECOPLASTIC
067390,067390.KQ,KOSDAQ,ASTK
064820,064820.KQ,KOSDAQ,CAPEind
123410,123410.KQ,KOSDAQ,KFTC
419050,419050.KQ,KOSDAQ,SAMKEE EV
215360,215360.KQ,KOSDAQ,W.I.C
012860,012860.KQ,KOSDAQ,MOBASE ELECTRONICS
274090,274090.KQ,KOSDAQ,Kencoa Aerospace
013310,013310.KQ,KOSDAQ,A-JIN INDUSTRY
108380,108380.KQ,KOSDAQ,DAYANG
452400,452400.KQ,KOSDAQ,INICS Corp.
105330,105330.KQ,KOSDAQ,KNW
101930,101930.KQ,KOSDAQ,Inhwa Precision
005710,005710.KQ,KOSDAQ,Daewonsanup
053700,053700.KQ,KOSDAQ,SAMBO MOTORS
066590,066590.KQ,KOSDAQ,WSA
092460,092460.KQ,KOSDAQ,HANLA IMS
170030,170030.KQ,KOSDAQ,HDI21
067570,067570.KQ,KOSDAQ,NVH
265560,265560.KQ,KOSDAQ,YHTEC
234100,234100.KQ,KOSDAQ,Sewon
333430,333430.KQ,KOSDAQ,IL SEUNG
014200,014200.KQ,KOSDAQ,KANGLIM
024910,024910.KQ,KOSDAQ,Kyungchang
011320,011320.KQ,KOSDAQ,UNICK
263540,263540.KQ,KOSDAQ,Earth & Aerospace
241690,241690.KQ,KOSDAQ,UNITEKNO
212560,212560.KQ,KOSDAQ,NEOOTO
053270,053270.KQ,KOSDAQ,G.Y.TECH
122690,122690.KQ,KOSDAQ,SAC
024740,024740.KQ,KOSDAQ,HanilForging
122350,122350.KQ,KOSDAQ,SAMKEE
072470,072470.KQ,KOSDAQ,W.I.H.C
019540,019540.KQ,KOSDAQ,IljiTech
097780,097780.KQ,KOSDAQ,Eco Volt
067170,067170.KQ,KOSDAQ,Autech
024830,024830.KQ,KOSDAQ,SewonCorp
128540,128540.KQ,KOSDAQ,ECOCAB
013720,013720.KQ,KOSDAQ,CBI
126640,126640.KQ,KOSDAQ,HWASHIN PRECISION
024120,024120.KQ,KOSDAQ,KBA
090150,090150.KQ,KOSDAQ,iWIN
065500,065500.KQ,KOSDAQ,Orient Precision Industries
085910,085910.KQ,KOSDAQ,NEOTIS
078590,078590.KQ,KOSDAQ,HYULIM A-TECH
290120,290120.KQ,KOSDAQ,DH AUTOLEAD
221840,221840.KQ,KOSDAQ,HIZEAERO
088290,088290.KQ,KOSDAQ,EWON COMFORT
031510,031510.KQ,KOSDAQ,AUSTEM
012340,012340.KQ,KOSDAQ,NUINTEK
099410,099410.KQ,KOSDAQ,DBSM
104040,104040.KQ,KOSDAQ,Daesung Fine Tec
080470,080470.KQ,KOSDAQ,SCAutotech
113810,113810.KQ,KOSDAQ,Dgenx
054180,054180.KQ,KOSDAQ,MEDICOX
310870,310870.KQ,KOSDAQ,DYC
130740,130740.KQ,KOSDAQ,TPC Global
053060,053060.KQ,KOSDAQ,SAE DONG
123750,123750.KQ,KOSDAQ,Alton
071850,071850.KQ,KOSDAQ,CTK
046070,046070.KQ,KOSDAQ,KODACO
